Suomi,English
on,there is
ei ,No 
ja ,and 
se ,it 
hän ,he 
mitä ,what 
en ,I don't 
että ,that 
ole ,don't be 
olen ,I am 
niin ,so 
mutta ,but 
vain ,only 
sen ,its 
minä ,I 
oli ,was 
jos ,if 
tämä ,this 
sinä ,you 
nyt ,now 
voi ,Oh 
olet ,are 
kun ,when 
sitä ,the 
kuin ,than 
he ,they 
täällä ,here 
minun ,my 
kaikki ,all 
hänen ,his 
et ,you don't 
ovat ,are 
hyvä ,good 
olla ,be 
minua ,me 
sinun ,your 
sinua ,you 
älä ,do not 
kyllä ,Yes 
sitten ,then 
onko ,is 
miksi ,why 
hänet ,him 
mitään ,any 
hei ,Hello 
mikä ,What 
siitä ,thence 
kiitos ,thanks 
miten ,how 
ne ,they 
olisi ,would be 
joka ,which 
minulle ,me 
tässä ,here 
kanssa ,with 
tai ,or 
missä ,where 
pitää ,keep 
tiedä ,don't know 
minulla ,i have 
tuo ,that 
jotain ,something 
minut ,me 
ollut ,been 
sinulle ,to you 
me ,we 
sinut ,thee 
häntä ,him 
oletko ,are you 
tämän ,this 
kuka ,Who 
meidän ,our 
olemme ,are 
vielä ,yet 
hyvin ,very 
tänne ,here 
anteeksi ,Sorry 
jo ,already 
tiedän ,i know 
koska ,because 
tehdä ,make 
ehkä ,perhaps 
täytyy ,must 
anna ,give 
tule ,come on 
haluan ,i want 
pois ,off 
emme ,we don't 
kuinka ,how 
siellä ,there 
herra ,Mr. 
takaisin ,back 
tätä ,this 
sinulla ,you have 
paljon ,much 
selvä ,clear 
eivät ,they don't 
saa ,weather 
tulee ,will come 
siinä ,there 
juuri ,just 
ennen ,before 
yksi ,one 
pitäisi ,should 
enää ,any more 
te ,you 
koskaan ,ever 
eikö ,isn't it 
aina ,always 
mennä ,go 
mistä ,whence 
meillä ,at our house 
kaksi ,two 
vai ,or 
koko ,size 
joten ,so 
aivan ,right 
mene ,go 
näin ,thus 
no ,Well 
joku ,someone 
halua ,desire 
tästä ,from here 
hänelle ,him 
oikein ,properly 
mies ,man 
tietää ,know 
olin ,i was 
todella ,really 
kunnossa ,okay 
aika ,time 
olette ,are 
teet ,you do 
kuten ,as 
voin ,I can 
totta ,true 
siihen ,thereto 
entä ,how about 
edes ,at least 
ulos ,out 
vähän ,little 
hyvää ,good 
aikaa ,time 
katso ,Look 
voit ,you can 
isä ,father 
kai ,probably 
kukaan ,anyone 
pahoillani ,I'm sorry 
haluat ,you want 
siis ,therefore 
kiinni ,Closed 
pidä ,keep 
heidän ,their 
itse ,self 
minusta ,about me 
ihan ,quite 
tulla ,become 
noin ,about 
päästä ,get 
teidän ,your 
vaan ,but 
äiti ,mother 
kaiken ,all 
sillä ,for 
myös ,also 
kerro ,tell me 
eikä ,and not 
tee ,tea 
sanoi ,quoth 
mennään ,let's go 
mukaan ,by 
ettei ,lest 
tänään ,today 
sinusta ,about you 
odota ,Wait 
meitä ,us 
hänellä ,he has 
liian ,too 
niitä ,them 
nämä ,these 
ota ,please take 
etkö ,Don't you 
näyttää ,show 
auttaa ,help 
taas ,again 
jälkeen ,after 
puhua ,talk 
haluatko ,do you want 
meidät ,us 
täältä ,from here 
tiedät ,you know 
sinne ,there 
kotiin ,home 
kolme ,three 
vuotta ,years 
jotka ,that 
muuta ,change 
luoja ,Creator 
nähdä ,see 
vaikka ,although 
antaa ,give 
heti ,immediately 
tapahtui ,happened 
menee ,goes 
tähän ,over here 
ette ,you don't 
olevan ,to be 
ilman ,free 
tuli ,fire 
teitä ,you 
sanoa ,say 
tiedätkö ,You know 
heidät ,them 
saat ,you get 
tuolla ,there 
poika ,son 
saada ,get 
tarvitse ,need 
sisään ,in 
kertoa ,tell 
nähnyt ,seen 
varmasti ,certainly 
usko ,faith 
tuon ,that 
haluaa ,wants to 
teen ,i do 
sanoin ,I said 
heitä ,them 
vastaan ,against 
tekee ,does 
varma ,sure 
jonka ,whom 
ikinä ,ever 
kuollut ,dead 
enemmän ,more 
tehnyt ,done 
pian ,soon 
rakastan ,i love 
teille ,to you 
hienoa ,great 
sir ,sir 
minne ,where 
meille ,us 
voimme ,we can 
hänestä ,about him 
tappaa ,kill 
asia ,thing 
tarvitsen ,i need 
joo ,Yeah 
mihin ,where 
luulin ,i thought 
kulta ,gold 
tapahtuu ,is happening 
sano ,say 
varmaan ,will 
ottaa ,take 
teidät ,you guys 
sain ,i got 
olit ,you were 
voisi ,could 
tuota ,that 
takia ,because of 
kerran ,once 
käy ,ok 
oikeassa ,right 
tulen ,i will 
ajan ,for 
pidän ,I like 
ihmiset ,people 
lopeta ,stop it 
kauan ,long 
tällä ,bridge 
toinen ,second 
ylös ,up 
alas ,down 
valmis ,ready 
tyttö ,girl 
okei ,okay 
lähteä ,go 
yhdessä ,together 
älkää ,start 
hauskaa ,fun 
yhtä ,equally 
teillä ,you have 
juttu ,thing 
tohtori ,doctor 
hieman ,slightly 
olivat ,were 
luulen ,I think 
rouva ,Mrs. 
pitänyt ,kept 
menen ,i go 
päivä ,day 
rahaa ,money 
piti ,had to 
kuuntele ,listen 
apua ,Help 
joskus ,sometimes 
olisin ,I would be 
enkä ,and i don't 
lisää ,more 
siksi ,therefore 
niinkö ,Really 
yhä ,still 
ainoa ,only 
teki ,did 
voinut ,could 
myöhemmin ,later 
silloin ,then 
sanoit ,you said 
päivää ,days 
kertaa ,times 
yksin ,alone 
nainen ,woman 
nähdään ,See you 
paska ,shit 
jonkun ,someone 
ensin ,initially 
huomenna ,tomorrow 
yhden ,one 
tavata ,meet 
odottaa ,expect 
tuntuu ,feel 
jota ,whom 
www ,www 
uusi ,new 
jotta ,so 
parempi ,better 
vie ,takes 
ohi ,past 
pari ,couple 
milloin ,When 
saan ,i can 
meni ,went 
hetki ,moment 
ketään ,nobody 
paras ,best 
etten ,I don't 
pieni ,small 
paikka ,place 
mikään ,any 
ihmisiä ,people 
minäkin ,me too 
teit ,you did 
nopeasti ,quickly 
kaveri ,guy 
tosi ,true 
saanut ,received 
ymmärrä ,understand 
Jack ,Jack 
pyydän ,Please 
jotakin ,something 
tarpeeksi ,enough 
ajattelin ,I thought 
viime ,last 
irti ,loose 
alkaa ,start 
oletteko ,are you 
isäni ,my father 
pysy ,stay 
minkä ,which 
tulossa ,pending 
tarkoittaa ,mean 
yli ,over 
viisi ,five 
sai ,got 
oikea ,right 
kuuluu ,belongs 
miehen ,male 
osaa ,can 
muista ,remember 
kanssasi ,with you 
tulkaa ,come on 
haluaisin ,I would like to 
senkin ,that too 
tein ,I did 
vanha ,old 
teemme ,we do 
voinko ,can i 
tahansa ,whatever 
kyse ,about 
oliko ,was 
hiljaa ,quietly 
minuun ,to me 
iso ,big 
läpi ,through 
yritän ,I'm trying 
voisin ,i could 
ymmärrän ,I see 
neiti ,miss 
kiltti ,kind 
heille ,them 
tullut ,came 
John ,John 
halusin ,I wanted to 
asioita ,things 
kunnes ,until 
asiaa ,matter 
menossa ,on 
täysin ,completely 
otan ,I will take 
luulet ,you think 
puhu ,talk 
riittää ,suffice 
hitto ,deuce 
ettet ,you don't 
neljä ,four 
kohta ,paragraph 
silti ,still 
tarkoitan ,i mean 
jumala ,God 
dollaria ,dollars 
jokin ,one 
luuletko ,Do you think 
löytää ,find 
poissa ,away 
minuuttia ,minutes 
nimi ,name 
olisit ,you would be 
hyvältä ,good 
miltä ,how 
menkää ,go 
mukana ,with 
asti ,until 
pysty ,upright 
sama ,same 
soittaa ,call 
isäsi ,your father 
ensimmäinen ,first 
jossa ,where 
kaunis ,beautiful 
käyttää ,use 
vittu ,damn 
näen ,i see 
tarkoitat ,you mean 
kapteeni ,captain 
melkein ,almost 
rahat ,money 
muuten ,otherwise 
kello ,clock 
helvetti ,hell 
yrittää ,try 
nuo ,those 
toivottavasti ,hopefully 
tulin ,i came 
tänä ,this 
mukava ,comfortable 
kerron ,I will tell 
oikeasti ,for real 
poliisi ,police 
vasta ,only 
kuoli ,died in 
pikku ,little 
näytä ,show 
tunnen ,I feel 
sanoo ,says 
vauhtia ,speed 
kanssani ,with me 
siltä ,bridge 
sieltä ,from there 
valmiina ,at the ready 
tunne ,feeling 
saanko ,can i 
kuullut ,heard 
tiennyt ,knew 
vuoden ,a year 
tapa ,way 
ainakin ,at least 
puhut ,you speak 
uskoa ,believe 
suoraan ,directly 
niistä ,of them 
sait ,you got 
kuulin ,I heard 
varten ,for 
katsokaa ,take a look 
hullu ,crazy 
haloo ,Hello 
kuulostaa ,sound 
tarvitsemme ,we need 
auta ,help me 
näytät ,you show 
meistä ,about us 
kuitenkin ,however 
sellaista ,that kind of thing 
voitte ,you win 
hieno ,fine 
asiat ,things 
olkaa ,be 
ystäväni ,my friend 
pojat ,boys 
muut ,other 
halunnut ,wanted to 
töitä ,work 
auto ,car 
samaa ,the same 
päivän ,of the day 
hyvät ,ladies 
kanssaan ,with him 
tervetuloa ,welcome 
mieltä ,mind 
toisen ,another one 
jopa ,even 
asian ,thing 
maailman ,world 
jätä ,drift net 
yhtään ,any 
mikset ,why don't you 
liikaa ,over- 
mä ,me 
paitsi ,except 
kuulla ,hear 
näe ,see 
viitsi ,I'm sorry 
pakko ,forced 
yritä ,try 
yötä ,night 
eli ,or 
osa ,part 
hauska ,fun 
vuoksi ,because of 
vitun ,fucking 
palaa ,burn 
kertoi ,told 
tehdään ,will be done 
tuntia ,hours 
viimeinen ,last 
new ,new 
ongelma ,problem 
onnea ,Good luck 
päivänä ,on the day 
kaikkea ,everything 
annan ,i give 
suuri ,large 
sanon ,I say 
uuden ,new 
terve ,healthy 
erittäin ,very 
muistatko ,Do you remember 
kertonut ,told 
kotona ,at home 
ase ,gun 
tarvitsee ,needs 
jolla ,whereby 
parasta ,the best 
rauhoitu ,Take it easy 
tietysti ,Of course 
kuule ,Listen 
sinuun ,to you 
saamme ,we get 
unohda ,forget it 
maksaa ,pay 
huomenta ,Good morning 
elää ,live 
tapahtunut ,happened 
aikaan ,at the time 
välitä ,choose 
soita ,call 
niiden ,their 
lähdetään ,let's go 
äitisi ,your mother 
uskon ,I believe 
kiva ,nice 
työtä ,work 
sille ,for it 
aio ,going to 
kovin ,very 
lähellä ,near 
aion ,I'm going to 
miestä ,a man 
hetkinen ,Wait a minute 
eilen ,yesterday 
tiesin ,I knew 
jättää ,leave 
uudestaan ,re- 
oikeastaan ,really 
päälle ,on 
menemme ,we go 
tulevat ,are coming 
voitko ,can you 
ovi ,door 
sehän ,that's it 
monta ,various 
tavalla ,way 
asiassa ,in the matter 
löysin ,i found 
olimme ,we were 
heillä ,they have 
avaa ,open 
molemmat ,both 
miehet ,gentlemen 
teistä ,of you 
sanonut ,said 
minulta ,from me 
sisällä ,indoors 
ensi ,next 
tiedämme ,we know 
tietenkin ,Of course 
helvettiä ,damn it 
ongelmia ,problems 
jää ,ice 
paskiainen ,son of a bitch 
takana ,double cloth 
heistä ,of them 
soitan ,I'm calling 
kaikkien ,of everyone 
ihminen ,man 
vaivaa ,trouble 
aiot ,you are going to 
lapset ,issue 
olemaan ,to be 
pääse ,get in 
uudelleen ,again 
joita ,whom 
toki ,Sure 
eri ,different 
muita ,others 
poikani ,my son 
iltana ,in the evening 
viedä ,export 
väliä ,matter 
nimeni ,my name 
menet ,you go 
äitini ,my mother 
voisitko ,will you please 
ai ,Oh 
paha ,evil 
laita ,wing 
tarvitset ,you need 
antakaa ,please give 
kuusi ,six 
hoitaa ,manage 
lähde ,source 
sellainen ,such 
kysyä ,ask 
haluavat ,want to 
jäädä ,stay 
kuolla ,die 
sinulta ,from you 
naiset ,ladies 
tuossa ,there 
paremmin ,better 
vastaa ,answers 
huono ,bad 
sanot ,you say 
ala ,do not 
hätää ,don't worry 
tulet ,you will 
tunnin ,-hour 
näitä ,these 
ulkona ,outdoors 
oma ,own 
pidät ,you like 
elossa ,alive 
voisit ,you could 
saattaa ,may 
näetkö ,You see 
herrat ,messrs 
väärin ,wrong 
toivon ,I hope 
tekemään ,to do 
mr ,Mr 
muka ,supposedly 
mahtavaa ,awesome 
katsomaan ,to watch 
hätänä ,up 
voivat ,they can 
homma ,business 
tyyppi ,type 
etkä ,and you don't 
kahden ,the two of you 
DivX Finland ,DivX Finland 
sopii ,fits 
luo ,round 
taitaa ,know 
haluatte ,you want 
antoi ,gave 
lapsi ,child 
toimi ,action 
voisimme ,we could 
lopettaa ,stop 
naisen ,a woman 
odottakaa ,please wait 
vuonna ,in the year 
toimii ,works 
tulit ,you came 
syytä ,the reason 
hetken ,for a moment 
olleet ,have been 
frank ,franc 
kävi ,happened 
kymmenen ,ten 
aamulla ,in the morning 
tehty ,made 
halusi ,wanted 
jokainen ,every 
kunhan ,as long as 
kysymys ,question 
maan ,terrestrial 
org ,org 
ymmärrätkö ,Do you understand 
ok ,alright 
kaikille ,to everyone 
helvetin ,fucking 
hakemaan ,to apply 
lähden ,i'm leaving 
sam ,same 
muistan ,i remember 
seuraa ,will follow 
samoin ,likewise 
tappoi ,killed 
sekä ,mixed 
maahan ,down 
käydä ,visit 
aiemmin ,previously 
tärkeää ,important 
nimesi ,your name 
kenraali ,general 
Michael ,Michael 
teette ,you do 
häneen ,to him 
puoli ,half 
puhun ,I'm talking 
kestää ,take 
mahdollista ,possible 
aikana ,during 
ruokaa ,food 
uutta ,new 
yritin ,i tried 
katsoa ,look 
verta ,blood 
kestä ,endure 
onkin ,it is 
olekin ,I am 
lupaan ,I promise 
presidentti ,president 
istu ,sit down 
hyviä ,good ones 
tekevät ,they do 
täynnä ,full 
hoidan ,I'll take care 
tekstityksen ,subtitles 
sä ,you 
charlie ,Charlie 
vaikea ,difficult 
etsin ,viewfinder 
vaimoni ,my wife 
auton ,car 
naimisiin ,get married 
liikettä ,movement 
tytön ,a girl 
elämä ,life 
tiedäthän ,you know 
auki ,open 
sinäkin ,you too 
saimme ,we got 
varo ,precautionary 
kaikkia ,everyone 
taida ,guess 
kenen ,whose 
tehtävä ,task 
elämäni ,my life 
sanotaan ,it is said 
kultaseni ,sweetheart 
agentti ,agent 
puolesta ,on behalf of 
vettä ,water 
paikan ,place 
nuori ,young 
joko ,either 
ihmisten ,of people 
kusipää ,cunt 
muu ,other 
eversti ,colonel 
kaverit ,guys 
nimensä ,his name 
muuttaa ,change 
voittaa ,win 
onneksi ,fortunately 
näet ,you see 
luota ,from 
pitkä ,long 
alla ,below 
palata ,return 
tapauksessa ,case 
mukavaa ,nice 
saatte ,you can 
josta ,whereof 
uskomatonta ,beyond belief 
turvassa ,in security 
lapsia ,children 
ovatko ,are they 
tapan ,I will kill 
ystäviä ,friends 
jatkaa ,continue 
paikalla ,on the spot 
luottaa ,trust 
matkalla ,en route 
ottakaa ,take it 
olemassa ,exist 
tuonne ,there 
päällä ,on 
ympäri ,around 
ollaan ,let's be 
päin ,towards 
outoa ,strange 
töissä ,at work 
tilanne ,situation 
kaukana ,far 
päässä ,off 
kuolee ,dies 
väärässä ,wrong 
oman ,own 
paljonko ,how much 
Harry ,Harry 
ystävä ,friend 
numero ,number 
Jeesus ,Jesus 
pomo ,boss 
eihän ,no 
pelastaa ,save 
tulisi ,would come 
pyytää ,request 
lähti ,Lahti 
tuskin ,hardly 
velkaa ,indebted 
yleensä ,usually 
töihin ,to work 
jumalan ,of god 
kädet ,hands 
tytöt ,the girls 
näytän ,i show 
luultavasti ,probably 
edessä ,in front 
saisi ,would get 
loppu ,end 
kautta ,through 
jäljellä ,left 
haluaisi ,would like 
vaikuttaa ,influence 
jossain ,somewhere 
muutaman ,a few 
pitäkää ,keep 
paskaa ,crap 
maailma ,world 
iloinen ,cheerful 
paskat ,shit 
vaikeaa ,difficult 
sinähän ,it's you 
käynyt ,visited 
tuosta ,of that 
pelkää ,be afraid 
kunnon ,good 
olenko ,am i 
eteenpäin ,ahead 
itsensä ,itself 
seuraava ,next 
miksei ,why not 
alkoi ,started 
jotkut ,some 
huolta ,care 
helppoa ,easy 
haluamme ,we want 
kerta ,time 
pääsi ,flagstone 
kerroin ,factor 
itsesi ,yourself 
yhteen ,together 
loppuun ,out 
FBI ,FBI 
haista ,smell 
mahtava ,spectacular 
sentään ,yet 
jatka ,jack 
idea ,idea 
todellakin ,indeed 
lähtee ,leaves 
toista ,repeat 
ikävä ,tedious 
tom ,Tom 
alle ,under 
puhuu ,speaks 
olkoon ,so be it 
luona ,by 
tosiaan ,really 
veljeni ,my brother 
myöhässä ,late 
häneltä ,from her 
seis ,Stop 
ajaa ,drive 
itseäsi ,yourself 
aiotko ,Are you going to 
mike ,Mike 
minuutin ,a minute 
saavat ,get 
etsi ,search 
syö ,eat 
itseni ,myself 
huoli ,worry 
kohti ,towards 
vien ,export 
eräs ,one 
pysykää ,stay 
nouse ,get up 
alan ,industry 
syy ,reason 
miehiä ,men 
seitsemän ,seven 
ymmärtää ,understand 
rakastaa ,love 
haittaa ,harm 
ammu ,shoot 
ajattele ,Just think 
katsotaan ,wait and see 
yritti ,tried 
yhteyttä ,contact us 
jutella ,chat 
haen ,I apply 
kuukautta ,months 
välillä ,between 
David ,David 
puolella ,on the side of 
kuluttua ,after 
muutama ,one or two 
sisälle ,inside 
melko ,quite 
niinpä ,so 
käytä ,use 
pysyä ,stay 
ettekö ,don't you 
ystäväsi ,your friend 
yönä ,at night 
syödä ,eat 
kuulu ,belong 
miljoonaa ,million 
viikon ,a week 
samalla ,in the process 
pojan ,of a boy 
Jimmy ,Jimmy 
peter ,peter 
häivy ,Get lost 
Joe ,Joe 
selville ,find out 
jutun ,the thing 
pitkään ,long 
odotan ,I'm waiting 
George ,George 
selittää ,explain 
taidan ,I guess 
kysy ,ask 
vihainen ,mad 
illalla ,in the evening 
suomennos ,Finnish translation 
viimeksi ,last 
mennyt ,gone 
onpa ,it is 
tekisi ,would do 
laittaa ,put 
-vuotias ,-year old 
minähän ,it's me 
kuulemma ,reportedly 
mielestäni ,I think 
viikkoa ,a week 
kuningas ,king 
lähtien ,since 
vihaan ,i hate 
ostaa ,buy 
täydellinen ,perfect 
tyhmä ,stupid 
kahdeksan ,eight 
usein ,often 
kertoo ,tells 
kohtaan ,towards 
selvää ,clear 
hetkellä ,at the moment 
katson ,I look 
ajatus ,idea 
pitäisikö ,should 
james ,james 
tietoa ,information 
ketä ,who 
rauhaan ,in peace 
totuus ,truth 
ben ,ben 
hae ,apply 
sattuu ,it hurts 
auttakaa ,please help 
mentävä ,to go 
idiootti ,idiot 
tarjoaa ,offers 
kaikesta ,of everything 
kaupungin ,town's 
pidätkö ,do you like 
kiitoksia ,thank you 
aloittaa ,start 
millainen ,what kind of 
tärkeä ,important 
mieheni ,my husband 
pelkkä ,mere 
saman ,the same 
helvettiin ,to hell 
rakas ,love 
talon ,the house 
tekemistä ,things to do 
oltava ,to be 
tällaista ,like this 
rauhallisesti ,quietly 
talo ,house 
tapaamaan ,to meet 
soitti ,called 
tekeillä ,afoot 
turpa ,chub 
tv ,TV 
koira ,dog 
pää ,head 
mestari ,Master 
keitä ,who 
viikolla ,during the week 
pääsee ,can be reached 
varovainen ,careful 
näkee ,sees 
johtaa ,lead 
lähdemme ,we're leaving 
enpä ,I don't 
hittoa ,damn it 
johtaja ,manager 
the ,the 
veli ,brother 
kerralla ,at once 
lähettää ,send 
tietävät ,know 
palaan ,I'll be back 
ylpeä ,proud 
suurin ,major 
ampua ,shoot 
tony ,Tony 
jotenkin ,somehow 
enempää ,any more 
elämän ,life 
sairas ,sick 
naimisissa ,married 
taakse ,behind 
pääsemme ,we will get 
tiedätte ,you know 
uutisia ,news 
vapaa ,free 
kahvia ,coffee 
kunnolla ,properly 
tuohon ,to that 
otti ,took 
tietenkään ,of course 
suunnitelma ,plan 
autoon ,to the car 
ellei ,unless 
edelleen ,still 
tajua ,realize 
kovasti ,hard 
onnellinen ,happy 
jälleen ,again 
vei ,took 
annoin ,i gave 
lopettakaa ,stop it 
jätti ,giant 
estää ,prevent 
kauanko ,how long 
pahaa ,bad 
tarina ,story 
elämää ,life 
pane ,put 
antanut ,given 
tietä ,road 
ihmistä ,people 
voimmeko ,can we 
musta ,black 
ole ,don't be 
kuuletko ,do you hear 
tappanut ,killed 
tiedättekö ,you know 
mukaani ,along with me 
rauhassa ,in peace 
haluatteko ,do you want 
sekuntia ,seconds 
mietin ,I'm thinking 
tarvitaan ,is needed 
koske ,touch 
tunnet ,you know 
helvetissä ,in hell 
ilta ,evening 
mun ,mine 
mahdollisuus ,possibility 
lääkäri ,doctor 
käyn ,i'm going 
tyttäreni ,my daughter 
äidin ,maternal 
asiasta ,about the matter 
pääset ,you can 
tarkoitus ,purpose 
lähetti ,messenger 
Paul ,Paul 
laske ,calculate 
alusta ,chassis 
loistavaa ,brilliant 
millä ,whereby 
esiin ,out 
viesti ,message 
aja ,drive 
yrität ,you try 
vannon ,i swear 
max ,max 
oikoluku ,proofreading 
loistava ,glorious 
ajatella ,to think 
ilmeisesti ,apparently 
herää ,Wake up 
arvaa ,guess 
iltaa ,evening 
painu ,depression 
äkkiä ,short 
bob ,bob 
ajatellut ,thought about 
nukkumaan ,to sleep 
vieläkin ,even 
totuuden ,the truth 
osaan ,I can 
otetaan ,will be taken 
yön ,night 
näitkö ,Did you see 
taisi ,I guess 
sekaisin ,tumbled 
tiesi ,knew 
eteen ,in front of 
onnistu ,succeed 
hyvän ,good 
perhe ,family 
teimme ,we did 
eroon ,get rid of 
näkemiin ,Goodbye 
tahdon ,I want to 
vuosi ,year 
löydä ,find 
ihmisen ,human 
viekää ,take it 
olekaan ,I'm not 
mahdotonta ,out 
juokse ,run 
isän ,paternal 
ainakaan ,at least 
muiden ,others 
mitäs ,what 
mihinkään ,anywhere 
kuunnelkaa ,listen 
halusit ,you wanted 
uskonut ,believed 
maailmassa ,in the world 
puhutaan ,let's talk 
selvittää ,sort out 
jake ,verse 
vuosia ,for years 
olisivat ,would be 
löytyy ,can be found 
unta ,sleep 
vaimo ,wife 
otin ,i took 
etsimään ,to look for 
hra ,Mr 
maassa ,on the ground 
oven ,the door 
etsiä ,search 
tri ,dr 
Alex ,Alex 
kaikista ,of all 
jostain ,from something 
kolmen ,three 
näki ,saw 
tehneet ,have done 
kätesi ,your hand 
omaa ,own 
tiesit ,you knew 
paikkaa ,place 
tuoda ,bring 
asuu ,lives 
enkö ,don't i 
avulla ,through 
puhunut ,spoke 
puhumaan ,to talk 
leikkiä ,play 
pitävät ,like 
jokaisen ,each one 
pidetään ,is held 
tähden ,for the sake of 
tien ,road 
peli ,game 
sun ,sun 
tälle ,for this 
sota ,war 
päähän ,on 
noita ,witch 
löysimme ,we found 
Johnny ,Johnny 
menin ,i went 
hyvästi ,Goodbye 
näistä ,of these 
ikuisesti ,forever 
bill ,bill 
ensimmäisen ,the first one 
pyydä ,ask for 
jonkin ,something 
lisäksi ,in addition 
lapsen ,of the child 
keskellä ,in the middle 
pääsen ,i can 
lukea ,read 
kenenkään ,nobody 
pystyt ,you can 
aikoo ,will 
liiku ,move 
järkeä ,make sense 
kuulitko ,Did you hear 
jäi ,remained 
paikkaan ,to the place 
luojan ,the creator 
kenelle ,to whom 
vittua ,damn 
ainoastaan ,only 
kaupunki ,city 
todellako ,Really 
ray ,ray 
parempaa ,better 
minäkään ,me too 
toin ,i brought 
ihan ,quite 
myöhäistä ,late 
todellakaan ,indeed 
pystyn ,i can 
sanovat ,they say 
seuraavaksi ,next 
lähes ,nearly 
kuva ,picture 
maa ,country 
kuolema ,death 
itseään ,itself 
näit ,you saw 
Sarah ,Sarah 
hiukan ,a little 
lupaa ,promise 
toi ,brought 
suuntaan ,in the direction of 
tavallaan ,kind of 
yrittänyt ,tried 
pyysi ,asked 
pienen ,a small one 
tilaa ,Vacancy 
kova ,hard 
saisinko ,could i 
unohtaa ,forget 
ethän ,you don't 
vankilaan ,to prison 
käymään ,to visit 
näytti ,seemed 
kirjoittaa ,write 
luutnantti ,lieutenant 
tosissasi ,seriously 
naisia ,women 
autan ,i will help 
olevansa ,being 
käske ,command 
takaa ,from behind 
varovasti ,carefully 
montako ,how many 
professori ,professor 
puolet ,half 
paikassa ,in the place 
ulkopuolella ,outside 
henry ,henry 
kesken ,between 
nykyään ,today 
mennyttä ,the past 
puhuin ,i spoke 
auttamaan ,to help 
tunnetko ,You know 
loput ,the rest 
työ ,work 
upea ,magnificent 
äläkä ,and don't 
vialla ,wrong 
asiaan ,to the point 
Danny ,Danny 
unohdin ,i forgot 
uusia ,renew 
hengissä ,alive 
todistaa ,evidence 
tietoja ,information 
valmista ,ready 
paikalle ,to the place 
isänsä ,his father 
valitettavasti ,unfortunately 
olisimme ,we would be 
mieluummin ,rather 
olitte ,you were 
millaista ,what kind of 
tieltä ,from the road 
mutten ,but not 
ihana ,wonderful 
pysähdy ,stop 
autossa ,in the car 
tehkää ,please do 
ihme ,wonder 
seksiä ,sex 
valita ,choose 
välittömästi ,direct 
luokse ,with 
vitsi ,joke 
niille ,them 
sepä ,blacksmith 
luulee ,thinks 
helppo ,easy 
naista ,woman 
vedä ,Pull 
silmät ,the eyes 
toisella ,on the other 
aseita ,weapons 
maata ,lie 
lopulta ,eventually 
kiire ,hurry 
tulemme ,we will come 
päästäkää ,let's go 
kiitti ,thank you 
vaimosi ,your wife 
kenellekään ,to anyone 
riitä ,dispute 
majuri ,major 
löysi ,found 
veljesi ,your brother 
käski ,casque 
käskin ,I ordered 
saitko ,Did you get 
kutsutaan ,is called 
tarkoita ,mean 
matka ,travel 
vetää ,pull 
yhdeksän ,nine 
kuoleman ,deadly 
hetkeksi ,for a while 
huone ,room 
poliisit ,the police officers 
huolehdi ,take care 
sana ,word 
olevasi ,that you are 
huoneessa ,in the room 
matkaa ,trip 
san ,say 
Clark ,Clark 
viimeisen ,the last one 
pelkään ,I'm afraid 
tiedot ,information 
oikeus ,legal 
yllätys ,surprise 
viestin ,the message 
varmaankin ,probably 
todisteita ,evidence 
tapasin ,i met 
Mary ,Mary 
löytänyt ,found 
nukkua ,sleep 
kaikilla ,everyone 
kertokaa ,tell me 
pysäyttää ,stop 
billy ,Billy 
näiden ,of these 
menemään ,to go 
typerä ,silly 
päättää ,decide 
autoa ,car 
päässyt ,reached 
olen ,I am 
jep ,yep 
tuhota ,destroy 
loppuu ,ends 
kaupungissa ,in town 
kutsua ,call 
tavannut ,met 
bobby ,Bobby 
hullua ,crazy 
ollenkaan ,at all 
johon ,to which 
toiseen ,to another 
poliisin ,the police 
kaunista ,beautiful 
hoida ,take care of 
aikaisemmin ,earlier 
vähemmän ,less 
juo ,drink 
löydämme ,we find 
suhteen ,regarding 
vahva ,strong 
tulta ,Fire 
siistiä ,clean 
henkilö ,person 
etsimme ,we are looking for 
haluaisitko ,would you like 
toimia ,act 
etsivä ,detective 
kiittää ,thank 
valmiiksi ,ready 
nälkä ,hunger 
sairaalaan ,to the hospital 
annat ,you give 
poliisille ,to the police 
tekevän ,doing 
Jim ,Jim 
lukee ,reads 
mieti ,think 
vankilassa ,inside 
sodan ,of war 
aseen ,the gun 
tulivat ,came 
onhan ,it is 
tapahtua ,happen 
kylmä ,cold 
varaa ,reserve 
aseet ,arms 
johtuu ,due to 
kerrot ,you tell 
tuntui ,felt 
syömään ,to eat 
ehdottomasti ,absolutely 
hakea ,seek 
käänny ,turn around 
sopiiko ,is it ok 
itseäni ,myself 
metriä ,meters 
hyväksi ,for 
vaarallista ,dangerous 
sopimus ,agreement 
tapoit ,you killed 
lasta ,spatula 
sulje ,bracket 
lentää ,fly 
kuvitella ,imagine 
päiväys ,date 
työn ,of work 
mennessä ,by 
talossa ,in the house 
pitkälle ,far 
samaan ,to the same 
voidaan ,can be 
tarkoitatko ,You mean 
kunpa ,if only 
kiirettä ,rush 
toisin ,otherwise 
poikki ,across 
monet ,many 
pidin ,holder 
lyö ,hit 
huonosti ,poorly 
pelata ,play 
nopeammin ,faster 
pitämään ,to keep 
autosta ,from the car 
kunnia ,honor 
avain ,key 
eipä ,no 
hienosti ,finely 
vaihtaa ,change 
lähdössä ,on departure 
tekivät ,did 
sinäkö ,you 
kuolemaa ,death 
kuulen ,I can hear 
los ,los 
täytyi ,had to 
nimeltä ,by name 
tappamaan ,to kill 
mitkä ,what 
puolen ,side 
kuole ,die 
mistään ,anything 
yö ,night 
ääni ,sound 
alus ,vessel 
tuntenut ,felt 
puhelin ,phone 
voisitteko ,could you 
monia ,many 
odottanut ,waited 
saaneet ,received 
ajattelen ,I'm thinking 
jolloin ,when 
todellinen ,real 
matkaan ,on the way 
saatava ,balance 
moni ,multi 
ellet ,unless you 
taisin ,i guess 
vetoa ,bet 
kuolemaan ,to death 
tunsin ,i felt 
mitenkään ,in any way 
aamuna ,in the morning 
olisiko ,would 
tuntea ,feel 
jään ,ice 
kävin ,i visited 
setä ,uncle 
päästää ,let 
olevani ,that I am 
suojella ,protect 
ettemme ,that we don't 
com ,com 
taidat ,skills 
näyttävät ,seem 
puhui ,spoke 
syystä ,justly 
mielelläni ,with pleasure 
kiinnostunut ,interested 
kutsuu ,invites 
lahja ,gift 
menettää ,lose 
hemmetti ,damn it 
sellaisen ,such 
tulimme ,we came 
tämänkin ,this too 
nähneet ,have seen 
istua ,sit 
komentaja ,commander 
herran ,sir 
soitin ,player 
outo ,strange 
löydän ,i find 
pysäytä ,stop 
sanoivat ,they said 
kuuma ,hot 
kutsu ,call 
kuukauden ,month 
kiinnosta ,interested 
juhlat ,party 
tarkoittanut ,meant 
menevät ,are going 
Walter ,Walter 
ottanut ,taken 
annetaan ,is given 
kysyn ,I'm asking 
otamme ,we take 
muuttunut ,altered 
voiko ,can 
vauva ,baby 
tyttöä ,a girl 
kone ,machine 
suuren ,the big one 
viiden ,five 
lähetä ,close in 
kuolet ,you will die 
saatanan ,fucking 
missään ,anywhere 
omat ,own 
jerry ,Jerry 
kuvia ,pictures 
perillä ,in 
meneillään ,in progress 
heippa ,bye 
Eddie ,Eddie 
kuunnella ,listen 
huolissani ,worried 
palannut ,returned 
valkoinen ,white 
kohde ,target 
ruumis ,corpse 
elämäsi ,your life 
ajattelet ,you think 
väsynyt ,tired 
valmiita ,ready 
niillä ,with them 
väärä ,wrong 
muutakin ,more 
ampui ,shot 
parin ,couple 
hyppää ,jump 
aloitetaan ,let's begin 
pyysin ,I asked 
itsellesi ,to yourself 
aiheuttaa ,cause 
hyötyä ,put to account 
vastaus ,answer 
jatkakaa ,carry on 
kaikkialla ,everywhere 
tuokaa ,bring it 
vaatii ,requires 
pelottaa ,scare 
tajusin ,I realized 
esittää ,present 
väliin ,between 
maksan ,i pay 
rakkaus ,love 
tuletko ,are you coming 
tulehan ,Come on 
näemme ,we will see 
nick ,nick 
kuolleet ,dead 
maailmaa ,the world 
johonkin ,somewhere 
olo ,feeling 
pidämme ,we like 
juttuja ,things 
satuttaa ,hurt 
tapaa ,to meet 
laitan ,I will put 
punainen ,red 
poikasi ,your son 
muistaa ,remember 
vastata ,answer 
kenet ,who 
tahdo ,will 
peliä ,game 
huomannut ,noticed 
helposti ,easily 
kyytiin ,on 
ääliö ,jerk 
yhteys ,contact 
päällikkö ,master 
saakka ,until 
löytyi ,was found 
alhaalla ,down 
kanssamme ,with us 
lähdet ,you are leaving 
vastuussa ,accountable 
kovaa ,hard 
kertomaan ,to tell 
kuvan ,picture 
keksin ,i invented 
nimeä ,name 
perheeni ,my family 
kuolen ,I'm dying 
äitinsä ,his mother 
toivoa ,hope 
perheen ,family 
koulussa ,at school 
kuitenkaan ,however 
sijaan ,in exchange for 
suu ,mouth 
uskotko ,Do you believe 
usa ,U.S 
löysit ,you found 
pitääkö ,should 
illan ,of the evening 
apuasi ,your help 
avaimet ,the keys 
annoit ,you gave 
luokseni ,to me 
kannattaa ,support 
osaat ,you can 
vuoteen ,to a year 
itsekin ,another 
kirja ,book 
armeijan ,the army 
nosta ,raise 
hitaasti ,slowly 
yhtäkkiä ,suddenly 
nimen ,the name 
päivässä ,per day 
siten ,so 
otat ,you take 
juttua ,thing 
onnekas ,lucky 
oikean ,the right one 
tietävän ,to know 
hiton ,helluva 
keino ,means 
erään ,one 
tie ,road 
joudun ,i have to 
jätän ,I leave 
huomaa ,notice 
ylhäällä ,up 
etteivät ,that they don't 
kysyin ,I asked 
perään ,after 
oikealle ,right 
sanoinhan ,I said so 
tuntee ,feels 
heittää ,throw 
osan ,part 
avatkaa ,open up 
Chris ,Chris 
tekisin ,i would 
jessus ,Jesus 
oli ,was 
kersantti ,sergeant 
kivaa ,nice 
tommy ,Tommy 
tuomari ,judge 
huora ,whore 
muttei ,but no 
oppia ,learn 
koskee ,concerns 
mielestä ,with 
valitan ,I complain 
koulun ,the school 
potkut ,sack 
toiset ,other 
versionumero ,version number 
tunti ,hour 
Andy ,Andy 
ehkäpä ,perhaps 
saivat ,got 
yritämme ,we try 
richard ,richard 
pitkin ,along 
pahasti ,badly 
ryhmä ,group 
kolmas ,third 
jonnekin ,somewhere 
varokaa ,Watch out 
perässä ,after 
lasten ,junior 
olleen ,to have been 
ennenkin ,even before 
Jane ,Jane 
sotilas ,military 
sopimuksen ,contract 
jonain ,somehow 
sankari ,hero 
odotamme ,we are waiting 
riippuu ,depends 
dollarin ,dollar 
tulevan ,to come 
katosi ,disappeared 
alue ,area 
selvästi ,clearly 
ihanaa ,wonderful 
niihin ,to them 
Eric ,Eric 
-sta ,-from 
armeija ,army 
jumalauta ,oh god 
kiinnostaa ,interest 
tiesitkö ,Did you know 
vanhan ,the old one 
la ,la 
sanoisin ,i would say 
vau ,Wow 
ensimmäistä ,the first one 
vieläkään ,even now 
korjata ,fix 
olemmeko ,are we 
sydän ,heart 
paeta ,escape 
käsi ,hand 
vihaa ,hate 
puhelimessa ,on the telephone 
valot ,the lights 
liittyy ,is related 
sujuu ,it's going well 
tarkoitin ,i meant 
Robert ,Robert 
tulitte ,you came 
kenties ,perhaps 
lailla ,by law 
tappaja ,killer 
asetta ,weapon 
Claire ,Claire 
Larry ,Larry 
ison ,big 
avata ,open 
selvitä ,clarify 
huomio ,attention 
liikkuu ,moves 
opettaa ,teach 
lle ,for 
CIA ,CIA 
täydellistä ,perfect 
kokonaan ,wholly 
kate ,cover 
juotavaa ,something to drink 
keksi ,biscuit 
tosin ,indeed 
katsos ,you see 
asioista ,things 
tä ,this 
pystyy ,can 
kuolleita ,the dead 
hankkia ,acquire 
joilla ,with which 
sanaa ,word 
jatkuvasti ,continually 
vikaa ,fault 
kaupunkiin ,to the city 
minnekään ,nowhere 
suokaa ,swamp 
kanssanne ,with you 
hulluksi ,crazy 
vaatteet ,clothing 
pääsit ,you made it 
uskoo ,believes 
raskaana ,pregnant 
tältä ,like this 
kerroit ,you told 
al ,al 
miehesi ,your husband 
prosenttia ,percent 
kyseessä ,at issue 
mukaasi ,along with you 
kuntoon ,get fit 
työni ,my job 
kilometriä ,kilometers 
konstaapeli ,officer 
sinussa ,in you 
sairaalassa ,in the hospital 
tainnut ,stunned 
uudet ,the new ones 
ketkä ,who 
pakoon ,escape 
senaattori ,senator 
palveluksen ,service 
taistella ,fight 
kuvaa ,picture 
kävellä ,walk 
viikko ,week 
tavataan ,see you 
huolimatta ,despite 
ihmisille ,to people 
charles ,Charles 
will ,will 
minuutissa ,per minute 
liikkeelle ,to the movement 
tuollaista ,like that 
naisten ,of women 
pommi ,bomb 
kirjan ,the book 
emmekä ,neither do we 
taivas ,sky 
tekemässä ,doing 
ajat ,you drive 
saatana ,Satan 
Daniel ,Daniel 
kamu ,pal 
virhe ,error 
pulassa ,in trouble 
Dave ,Dave 
Rachel ,Rachel 
esitellä ,introduce 
jätkä ,jack 
lapseni ,my child 
lisa ,additional 
yrittävät ,are trying 
kahdesti ,twice 
toiselle ,to another 
kannata ,booze 
tarkalleen ,exactly 
lähelle ,close 
mahdollisuuden ,opportunity 
rakastat ,you love 
ruumiin ,body 
emmekö ,don't we 
aikoina ,times 
tuollainen ,that kind of 
vasemmalle ,left 
vaarassa ,wrong 
joudut ,you have to 
pelkkää ,just 
arvoinen ,worth 
tutkia ,explore 
ajoissa ,on time 
selviää ,will survive 
fiksu ,smart 
arvostan ,I appreciate 
vitut ,damn 
-ssa ,-in 
pudota ,drop 
tapaamme ,we will meet 
aseesi ,your weapon 
saatan ,I might 
täysi ,full 
tuolta ,from there 
muuttuu ,changes 
myydä ,sell 
lainkaan ,at all 
rakkautta ,love 
joista ,of which 
homman ,thing 
voitteko ,can you 
miesten ,men's 
erossa ,separated 
Martin ,Martin 
meiltä ,from us 
Amerikan ,America's 
jätin ,i left 
vaarallinen ,dangerous 
Mark ,Mark 
-ssä ,-in 
soittanut ,called 
muun ,other 
mulkku ,dick 
jaksa ,you can 
piru ,devil 
Pete ,Pete 
eivätkä ,and neither 
merkki ,make 
sellaisia ,such 
tullaan ,let's come 
ottamaan ,to take 
pientä ,small 
luulisin ,I fancy 
silmäsi ,your eyes 
Ryan ,Ryan 
kysymyksiä ,questions 
ammun ,i shoot 
lähetän ,I will send 
polttaa ,burn 
kuulit ,you heard 
-stä ,-from 
kaipaa ,miss 
etsii ,looking for 
tyhjä ,blank 
puhumme ,we talk 
vittuun ,damn 
vesi ,water 
muutkin ,others too 
tapoin ,i killed 
oleva ,existent 
useimmat ,most 
kadonnut ,lost 
puolestani ,for me 
prinsessa ,princess 
tosissani ,seriously 
useita ,several 
millään ,by any means 
virheen ,error 
seuraavan ,the next one 
tulemaan ,to come 
onnistuu ,will succeed 
vapaaksi ,free 
niissä ,in them 
huolehtia ,worry 
van ,old 
tyytyväinen ,pleased 
Carl ,Carl 
luin ,I read 
tajuatko ,Do you understand 
ensimmäisenä ,foremost 
lähtemään ,to leave 
william ,william 
panna ,put 
maksa ,liver 
Carter ,Carter 
sovi ,okay 
myöhään ,late 
niinhän ,that's right 
karkuun ,run away 
viimeiset ,the last ones 
sheriffi ,the sheriff 
pysyy ,remains 
lee ,Lee 
kokeilla ,try out 
saapuu ,arrives 
hereillä ,awake 
lupasin ,i promised 
saisin ,i would get 
kumpi ,which 
kutsun ,I invite 
ilo ,pleasure 
kimppuun ,attack 
erilainen ,different 
ostin ,i bought 
järjestää ,arrange 
homo ,gay 
tahdot ,you will 
ellen ,unless 
istumaan ,to sit down 
musiikkia ,music 
suurta ,big 
oi ,Oh 
kokeile ,give it a try 
tapaan ,in the manner of 
luvan ,permit 
aikaisin ,early 
paikasta ,from the place 
ruoka ,food 
eniten ,most 
viettää ,spend 
Arthur ,Arthur 
aluksen ,the ship 
äsken ,but now 
tarvita ,need 
tarjota ,offer 
löydät ,you will find 
näette ,you see 
kuolleen ,dead 
viedään ,let's take it 
Steve ,Steve 
rakastunut ,enamored 
vaihtoehtoja ,options 
de ,de 
sääntöjä ,rules 
merkitystä ,significance 
sata ,hundred 
teitte ,you did 
hoidetaan ,will be taken care of 
aavistustakaan ,no idea 
lue ,read 
nousee ,rises 
tyypin ,type 
harmi ,annoyance 
kasvaa ,grow 
sanat ,lyrics 
tavoin ,ways 
oh ,oh 
poikaa ,boy 
istukaa ,sit down 
tytär ,daughter 
lukenut ,read 
lopussa ,at the end 
dna ,dna 
miettiä ,think about 
vaimonsa ,his wife 
hengitä ,breathe 
tappavat ,are killing 
kamaa ,stuff 
huumeita ,drugs 
parhaat ,best 
voineet ,buttered 
rehellinen ,honest 
siskoni ,my sister 
samassa ,in the same 
Thomas ,Thomas 
kaupungista ,from the city 
elämänsä ,his life 
itsestäsi ,about yourself 
entäs ,how about 
puolestasi ,for you 
joulua ,Christmas 
silmällä ,with an eye 
pyhä ,holy 
meihin ,to us 
puhelu ,call 
perhettä ,family 
autoni ,my car 
näkyy ,can be seen 
pirun ,damn 
söpö ,cute 
asua ,live 
oikeaa ,the right one 
kyle ,Kyle 
toivoin ,i hoped 
ystävät ,friends 
säännöt ,code 
selviä ,survive 
kamalaa ,horrible 
varmistaa ,ensure 
upeaa ,wonderful 
menetin ,i lost 
tarvinnut ,needed 
haluaisit ,you would like 
menivät ,went 
kantaa ,carry 
kouluun ,to school 
tapaus ,case 
melkoinen ,quite a lot 
kaipaan ,i miss 
järjestyy ,will be arranged 
kahta ,two 
huoneeseen ,to the room 
tanssia ,dance 
kuolemme ,we die 
kas ,bro 
hankin ,i got 
toisiamme ,each other 
katsomassa ,watching 
luulevat ,they think 
pistä ,put 
vanhoja ,old ones 
paina ,press 
odottavat ,are waiting 
matt ,Matt 
miksen ,why not 
pään ,head 
komisario ,inspector 
murhaaja ,murderer 
kannattaisi ,would be worth it 
isi ,daddy 
päästävä ,to pass 
perkele ,Devil 
uskomaton ,incredible 
puhuimme ,we talked 
tällainen ,like 
yhdellä ,with one 
tavallinen ,usual 
aloita ,get started 
tärkeintä ,most important 
muistuttaa ,resemble 
sänkyyn ,to bed 
entinen ,former 
olikin ,it was 
hanki ,crust 
paljoa ,a lot 
alkavat ,are starting 
onnettomuus ,accident 
dean ,Dean 
Chloe ,Chloe 
huoneen ,room 
tarvitsevat ,need 
seurata ,follow 
typerys ,fool 
ymmärrät ,you understand 
otatko ,will you take 
tarinan ,the story 
kelpaa ,ok 
poistua ,exit 
etsit ,you are looking for 
maasta ,from the country 
verran ,about 
haisee ,stinks 
väittää ,claim 
seuratkaa ,follow 
juoda ,drink 
tää ,this 
minäkö ,me too 
kiireinen ,busy 
pystynyt ,able to 
Dan ,Dan 
viiniä ,wine 
rahoja ,money 
ehdi ,have time 
chuck ,Chuck 
alueella ,within the precincts of 
olet ,are 
elämään ,to life 
eivätkö ,don't they 
selväksi ,to be clear 
englantia ,English 
itselleni ,to myself 
komea ,handsome 
tutustua ,meet 
Kevin ,Kevin 
voima ,force 
muille ,to others 
mukanaan ,with him 
hengen ,spirit 
hitossa ,damn it 
mielenkiintoista ,interesting 
mahdollisimman ,as much as possible 
Kristus ,Christ 
joiden ,whose 
herrani ,my lord 
tunnissa ,per hour 
vuodessa ,per year 
puuttuu ,is missing 
aioin ,I was going to 
tapahdu ,happen 
nopea ,fast 
asun ,i live 
tapasimme ,we met 
Joey ,Joey 
jumissa ,stuck 
osaatko ,Can you 
Maria ,Mary 
viikossa ,per week 
valehtele ,lie 
matkan ,for 
häivytään ,let's fade away 
raha ,monetary 
siirtää ,transfer 
tapaaminen ,meeting 
ainut ,only 
teiltä ,from you 
osui ,hit 
kaverin ,a friend 
muistakaa ,remember 
päätös ,decision 
sekin ,too 
el ,e.g 
samanlainen ,similar 
kadulla ,in the street 
ihanko ,Absolutely 
naurettavaa ,ridiculous 
kilometrin ,kilometer 
presidentin ,presidential 
käteni ,my hand 
elokuva ,movie 
etsivät ,are looking for 
surkea ,puny 
miehelle ,for a man 
turvallista ,safe 
tulette ,you will come 
suljettu ,closed 
tarvitsetko ,Do you need 
henkeni ,my spirit 
lähtenyt ,left 
kiloa ,kilo 
minäpä ,me too 
ihmettä ,ever 
kuningatar ,queen 
vieressä ,next to 
keksiä ,invent 
pääsin ,i got 
tilaisuus ,opportunity 
tulleet ,have come 
aurinko ,sun 
pelaa ,plays 
valo ,light 
merkitsee ,means 
sovittu ,agreed 
etsikää ,look for 
tietääkö ,You know 
amerikkalainen ,American 
voimaa ,strength 
hemmetin ,damn it 
ed ,ed 
pyytänyt ,asked for 
kauas ,far 
aiomme ,we are going to 
voisimmeko ,could we 
puolelle ,to the side 
perhana ,deuce 
narttu ,female 
klo ,at 
varastaa ,steal 
ihmisistä ,about people 
teetä ,tea 
pahoja ,bad ones 
esimerkiksi ,for example 
sanottavaa ,something to say 
ammuttiin ,was shot 
reilua ,fair 
ammuttu ,shot dead 
tarvitsette ,you need 
mua ,me 
salainen ,secret 
henki ,spirit 
häipyä ,scat 
taalaa ,bucks 
tarkkaan ,precisely 
yhteyden ,connection 
bond ,bond 
liity ,join 
sanokaa ,tell me 
murha ,murder 
loppui ,ran out 
jäät ,you stay 
pieniä ,chop 
huomasin ,I noticed 
pärjää ,will be fine 
jättäkää ,leave it 
kasvot ,face 
pärjään ,I'll be fine 
käytti ,used 
rahani ,my money 
pelasti ,saved 
syyttää ,blame 
keskustella ,debate 
veri ,blood 
myy ,sell 
sotaa ,war 
tykkää ,likes 
odotin ,I waited 
oikealla ,right 
näyttäisi ,it would seem 
käykö ,is it okay 
katsot ,you look 
han ,he 
vanhempani ,my parents 
itsestään ,itself 
saattoi ,could 
laulaa ,sing 
vakavasti ,seriously 
yöllä ,at night 
ämmä ,woman 
jakaa ,share 
hyvänen ,a good one 
perusteella ,by 
muutti ,moved 
Don ,Don 
jonkinlainen ,some sort of 
kesti ,lasted 
vaatteita ,clothes 
vaiheessa ,stage 
omia ,appropriate 
Jason ,Jason 
menettänyt ,lost 
puhuvat ,are talking 
olitko ,Were you 
pelkästään ,only 
äijä ,old man 
turhaan ,in vain 
muru ,sugar 
vanhaa ,old 
sydämeni ,my heart 
Stan ,Stan 
juna ,train 
luotan ,I trust 
jones ,jones 
suostu ,agree 
suhde ,ratio 
unohtanut ,lost 
typerää ,silly 
rauhoittukaa ,calm down 
ta ,ta 
ympäriinsä ,about 
muualle ,elsewhere 
kyllästynyt ,bored 
vasten ,against 
miettinyt ,thought about 
näillä ,with these 
prinssi ,prince 
antamaan ,to give 
perille ,there 
tuleeko ,will 
mahdollisuutta ,possibility 
tilanteen ,the situation 
kiitollinen ,grateful 
yhtenä ,as one 
täällä ,here 
kaikkein ,very 
joutuu ,has to 
yritätkö ,Are you trying 
oppinut ,learned 
lähdettävä ,to leave 
red ,ed 
rahasta ,about money 
liikkumatta ,Freeze 
näköjään ,apparently 
Ted ,Ted 
kauniita ,beautiful 
tarjoan ,I offer 
kuolevat ,are dying 
katsoo ,is watching 
nuku ,sleep 
oikeutta ,right 
jotakuta ,someone 
menit ,you went 
tyttöjä ,girls 
otit ,you took 
murhasta ,of murder 
vaihtoehtoa ,option 
siinähän ,that's it 
odottamaan ,to wait 
hyvänsä ,whatever 
hirviö ,monster 
uskot ,you believe 
rikki ,sulfur 
satuta ,to hurt 
poliiseja ,police officers 
tuntemaan ,to feel 
maksoi ,paid 
veden ,of water 
kutsui ,called 
koti ,home 
nousta ,rise 
perheesi ,your family 
tyypit ,types 
Adam ,Adam 
mielestäsi ,in your opinion 
nostaa ,raise 
soittakaa ,please call 
Victor ,Victor 
hänhän ,he is 
lyödä ,hit 
alkanut ,started 
saitte ,you got 
ovet ,the doors 
rakasta ,love 
tarkistaa ,check 
heikko ,weak 
hänkin ,him too 
isä ,father 
Jackson ,Jackson 
luovuta ,give up 
toit ,you brought 
mikäli ,provided 
Yorkissa ,in York 
tarkasti ,closely 
ottaen ,taking 
vihollinen ,enemy 
annamme ,we give 
kamera ,camera 
joutua ,get 
alat ,you start 
luokseen ,over to 
Harvey ,Harvey 
hallitus ,government 
tännepäin ,towards here 
voisinko ,could i 
katsotaanpa ,Let's see 
voisiko ,could you 
pelastamaan ,to rescue 
pallo ,ball 
hassua ,funny 
välittää ,convey 
puhutte ,you talk 
eräänä ,as one 
jatkuu ,to be continued 
elämässä ,in life 
arvoista ,worth 
sääli ,shawl 
parissa ,among 
omistaa ,own 
katsoin ,I looked 
minunkin ,mine too 
vuorosi ,your turn 
opettaja ,teacher 
edestä ,from the front 
sika ,swine 
hallituksen ,of the government 
lähetin ,transmitter 
valtion ,state 
minullakin ,me too 
Scott ,Scott 
välttämättä ,necessarily 
Susan ,Susan 
käytän ,I use 
hyvästä ,of good 
etsitään ,looking for 
luulette ,you think 
rikas ,rich 
lihaa ,meat 
mehän ,me 
sua ,you 
jättänyt ,left 
olikaan ,it was 
tarkista ,check 
tarpeen ,necessary 
vapaana ,at liberty 
uutiset ,news 
aluksi ,at first 
homer ,Homer 
paikkoja ,places 
yksikään ,none 
ex ,ex 
yksinkertaista ,simple 
paikkansa ,its place 
huonoja ,bad ones 
paremmalta ,better 
mielessä ,in view 
samat ,the same 
sattui ,it hurt 
vihdoin ,finally 
osoittaa ,show 
käsky ,command 
vartijat ,guards 
toistaiseksi ,so far 
kuvittele ,Imagine 
näy ,appears 
työsi ,your work 
kengät ,boots 
sori ,sorry 
näkemään ,to see 
uhri ,victim 
amy ,Amy 
olipa ,whatever 
kuvat ,pictures 
kotoisin ,indigenous 
jatketaan ,let's continue 
jollekin ,to someone 
ihmeessä ,ever 
sara ,sedge 
tyttäresi ,your daughter 
täytynyt ,fulfilled 
näyttämään ,to show 
alta ,from below 
varalta ,against 
aloin ,I started 
tunnu ,feel 
saamaan ,to get 
lainata ,borrow 
mekin ,us too 
sanottu ,said 
kysyi ,asked 
hölmö ,silly 
katsohan ,Let's see 
moi ,Hi 
naida ,fuck 
koiran ,canine 
viimein ,at last 
pelkäät ,you are afraid 
parantaa ,improve 
kirjoitti ,wrote 
valtava ,huge 
määrä ,number 
mut ,but 
tapana ,habit 
jätit ,you left 
olutta ,beer 
taivaan ,celestial 
hänessä ,in him 
syönyt ,ate 
lordi ,lord 
mieleen ,mind 
seuraavat ,the following 
ikävää ,sad 
koe ,test 
älä ,do not 
metrin ,meter 
sininen ,blue 
aloitamme ,we begin 
kaverini ,my friend 
tarjosi ,offered 
henkilökohtaisesti ,personally 
henkiin ,to life 
tuhat ,thousand 
normaali ,normal 
tuhansia ,thousands of 
kuninkaan ,royal 
kissa ,cat 
menette ,you go 
huomaan ,I notice 
käsken ,I command 
väkeä ,people 
pelastit ,you saved 
olisitte ,you would be 
puhelimeen ,to the phone 
rankkaa ,tough 
yhteydessä ,in connection with 
sääntö ,rule 
koneen ,machine 
lupasit ,you promised 
yritetään ,let's try 
päättyy ,ends 
Phil ,Phil 
syyllinen ,guilty 
omasta ,of my own 
voisitte ,you could 
tavaraa ,stuff 
kuolleena ,dead 
kauheaa ,terrible 
löytäneet ,have found 
tappoivat ,killed 
loukkaantunut ,injured 
työskentelee ,is working 
valehtelija ,liar 
Emily ,Emily 
voihan ,I can 
tietäisi ,would know 
pelkuri ,coward 
pohjoiseen ,north 
sanoja ,words 
joissa ,where 
hallita ,control 
sodassa ,at war 
muistat ,you remember 
tapat ,you kill 
tahtoo ,wants to 
lakkaa ,cease 
etelä ,south 
asialle ,for that matter 
tekisit ,you would 
jaa ,ice 
seuraavana ,next 
ennemmin ,first 
käsin ,manually 
kuuntelen ,I'm listening 
todisteet ,proof 
tämähän ,this one 
pelin ,the game 
pidätetty ,prisoner 
simon ,simon 
myöntää ,grant 
saatat ,you might 
hommaa ,thing 
toisiaan ,each other 
oikeaan ,to the right 
loppua ,end 
sanoitte ,you said 
jospa ,if only 
pidit ,you liked 
joutui ,had to 
näkevät ,can see 
päätä ,head 
näissä ,in these 
taloon ,to the house 
huomioon ,into account 
käyttänyt ,used 
aamen ,Amen 
selvisi ,survived 
saako ,can 
suusi ,your mouth 
lucy ,Lucy 
neljän ,four 
ääntä ,voice 
st ,St 
oletan ,I suppose 
tervehdys ,greeting 
toimeen ,get along 
alice ,Alice 
puhdas ,clean 
palaamme ,we'll be back 
mrs ,mrs 
saapui ,arrived 
valmiit ,done 
sean ,Sean 
viisas ,wise 
vasen ,left 
kyydin ,I took a ride 
kirjoita ,write 
hoidamme ,we take care 
oikeuteen ,to court 
auttoi ,helped 
pidätte ,you like 
ajattelit ,you thought 
kohtalo ,destiny 
lähestyy ,approaches 
varsinkin ,especially 
rakkauden ,of love 
astetta ,degree 
kavereita ,friends 
kirjoitan ,I am writing 
henkeä ,breath 
lopetan ,I'll stop 
pahalta ,bad 
painaa ,press 
päältä ,off 
laura ,Laura 
henkensä ,his life 
joen ,the river 
valehtelet ,you are lying 
vihdoinkin ,finally 
kuulee ,hears 
ilmaa ,air 
alueen ,area 
huolissasi ,worried about you 
etsinyt ,searched for 
koodi ,code 
soikoon ,let it ring 
Marcus ,Marcus 
sammuta ,turn off 
käytetään ,is used 
pitkän ,long 
oikeuden ,right 
kuolivat ,died 
nimellä ,mark 
voisivat ,they could 
pahalla ,bad 
jäänyt ,remaining 
tutkin ,I investigated 
avuksi ,of use 
opin ,i learned 
veivät ,took 
muualla ,elsewhere 
onkaan ,it is 
yritys ,company 
kyttä ,cop 
palasi ,returned 
Brian ,Brian 
tapettiin ,was killed 
valitse ,choose 
voittaja ,winner 
pannaan ,let's put 
tyyppiä ,type 
sanotte ,you say 
liittyä ,be joined 
putosi ,fell 
kuussa ,in the month 
lex ,lex 
nytkö ,now? 
tehtiin ,was made 
enemmänkin ,even more 
nero ,genius 
varasti ,stole 
heihin ,to them 
sanomaan ,to say 
liikkeellä ,on the move 
vuosien ,years 
toistan ,I repeat 
pystytkö ,can you 
jalat ,legs 
minussa ,in me 
päättänyt ,decided 
sanoisi ,would say 
tieto ,information 
lähdin ,i left 
ikkunasta ,from the window 
saadaan ,is obtained 
turha ,useless 
aikoihin ,by 
väärää ,wrong 
erottaa ,distinguish 
normaalia ,normal 
kuolevan ,dying 
laitoin ,I put 
Roy ,Roy 
Edward ,Edward 
paperit ,papers 
omalla ,on my own 
yläkertaan ,upstairs 
Smith ,Smith 
seksikäs ,sexy 
isot ,big ones 
talosta ,from the house 
puhuit ,you spoke 
vanhemmat ,parents 
piilossa ,tucked away 
elämääni ,my life 
pienet ,small ones 
toimimaan ,to operate 
hyväksyä ,accept 
Bruce ,Bruce 
kerrallaan ,at a time 
kysymyksen ,the question 
niinkuin ,like 
siisti ,neat 
työskennellä ,work 
toiminut ,worked 
odotat ,you wait 
pääni ,my head 
jeff ,Jeff 
lyön ,I'm hitting 
km ,km 
jouduin ,I had to 
kulkee ,passes 
seuraan ,follow me 
täyttä ,full 
laskekaa ,count 
tarkka ,exact 
suo ,swamp 
sanaakaan ,not a word 
house ,house 
eiköhän ,I suppose so 
taistelu ,fight 
kuulehan ,Listen 
huomiota ,attention 
paskiaiset ,bastards 
hulluja ,crazy 
kadun ,street 
puhelun ,call 
hank ,project 
toisessa ,in the other 
laskea ,calculate 
puku ,suit 
ymmärtänyt ,understood 
toiseksi ,second 
aiotte ,you are going to 
yhdestä ,from one 
sataa ,rain 
ajoi ,drove 
muitakin ,others too 
peliin ,to the game 
huonoa ,bad 
toimivat ,work 
aivot ,brain 
voitti ,won 
mennäänkö ,shall we go 
pormestari ,mayor 
mahdollisesti ,possibly 
Yhdysvaltain ,of the United States 
elämästä ,of life 
York ,York 
yksinäinen ,lonely 
maksamaan ,to pay 
senttiä ,cents 
mentiin ,we went 
vaihtoehto ,alternative 
näimme ,we saw 
miljoonan ,million 
tärkein ,main 
tähti ,star 
viimeinkin ,Finally 
treffit ,date 
sokea ,blind 
jestas ,jeez 
yritit ,you tried 
syön ,i eat 
luoksesi ,to you 
poliisia ,the police 
valoa ,light 
luke ,Luke 
nätti ,pretty 
vartija ,guard 
ruma ,ugly 
kolmeen ,to three 
sanoiko ,Did he say 
kamala ,horrible 
kuulleet ,heard 
rakastin ,i loved 
ettette ,you don't 
vika ,fault 
miss ,miss 
kirjaa ,records 
räjähtää ,explode 
henkesi ,your life 
huolen ,worry 
kuumaa ,hot 
halusivat ,wanted to 
Marty ,Marty 
aikojen ,of the times 
kohtaa ,encounter 
of ,of 
odotetaan ,is expected 
näettekö ,You see 
oot ,you are 
oo ,yes 
tyhmää ,stupid 
osta ,buy 
todennäköisesti ,likely 
opetti ,taught 
juosta ,run 
kaikella ,with everything 
parhaan ,the best 
poikansa ,his son 
pahoittelen ,I'm sorry 
takiasi ,because of you 
työtäni ,my work 
parhaani ,my best 
kusessa ,in the shit 
taaksepäin ,backwards 
valinta ,selection 
välitän ,i care 
opit ,you learn 
elä ,live 
nukkuu ,is sleeping 
rakentaa ,build 
rauhaa ,peace 
vanki ,prisoner 
palvelus ,service 
onnittelut ,pat on the back 
valmistautukaa ,get ready 
kuuluisa ,renowned 
todellista ,real 
Fred ,Fred 
kysyy ,asks 
istuu ,sitting 
oon ,i am 
luovuttaa ,alienate 
tulevaisuus ,future 
aseenne ,your weapon 
suojaa ,protect 
jätkät ,dudes 
lain ,of the law 
onnistunut ,successful 
paskan ,shit 
joukkue ,team 
vanhempi ,senior 
hoitamaan ,to take care of 
ystävällinen ,friendly 
yhtiön ,of the company 
rakkaani ,my beloved 
rose ,rose 
lopun ,the end 
ilkeä ,malicious 
toimintaa ,activity 
tavanneet ,have met 
syntynyt ,born 
äidille ,for mom 
sisko ,sister 
paljastaa ,reveal 
tapetaan ,to be killed 
elokuvan ,the movie 
vauvan ,infant 
ampukaa ,shoot 
Yorkin ,of York 
lupa ,authorization 
elävänä ,on the hoof 
laitetaan ,let's put 
laki ,law 
lyhyt ,short 
salaisuus ,secret 
pahempaa ,worse 
vessassa ,in the toilet 
sulkea ,close 
rentoudu ,Relax 
nauti ,enjoy 
menisi ,would go 
vahinko ,damage 
saadakseen ,for 
täyttää ,fill 
päätin ,I decided 
varmista ,make sure 
tilaisuuden ,the occasion 
uskomme ,we believe 
mieli ,mind 
ajattelee ,thinks 
sängyssä ,in bed 
lääkärin ,medical 
kysyttävää ,questions 
asianajaja ,lawyer 
kauhea ,terrible 
kaverisi ,your friend 
hinta ,price 
jatkamme ,we continue 
terveisiä ,greetings 
hälytys ,alarm 
hyväksy ,accept 
käteen ,on 
rauhan ,of peace 
käsiksi ,within reach 
älkää ,start 
silmiin ,into the eyes 
ovea ,the door 
kuulet ,you hear 
ansa ,trap 
pidättää ,reserve 
aamu ,morning 
olenkin ,I am 
muuttua ,shift 
yllä ,above 
saisit ,you would get 
big ,big 
Tyler ,Tyler 
käännä ,turn 
onnistui ,succeeded 
muutamia ,a few 
herätä ,wake up 
laittakaa ,please put 
kaupunkia ,city 
miljoona ,million 
kuolemasta ,of death 
virtaa ,flows 
tiedon ,of information 
ymmärrättekö ,do you understand 
miles ,miles 
työskentelen ,I am working 
keskity ,concentrate 
sanoitko ,Did you say 
sotilaita ,soldiers 
oletkin ,you are 
paskapuhetta ,bullshit 
humalassa ,drunk 
operaatio ,operation 
korkea ,high 
löydettävä ,to be found 
juoskaa ,to run 
olla ,be 
löysivät ,found 
toinenkin ,another one too 
puheen ,speech 
välissä ,between 
menimme ,we went 
löytämään ,to find 
Jackie ,Jackie 
aikovat ,are going to 
sormus ,ring 
osoite ,address 
ystävämme ,our friend 
tappakaa ,kill 
nälkäinen ,hungry 
tarkoitti ,meant 
siskosi ,your sister 
perääntykää ,Back off 
tietäisin ,i would know 
sanan ,word 
hakemassa ,applying 
pelissä ,in play 
pistää ,inject 
kyllä ,Yes 
aikamoinen ,pretty good 
voita ,win 
voimakas ,strong 
luulit ,you thought 
maailmaan ,to the world 
aito ,genuine 
käyttävät ,are using 
roger ,Roger 
hengittää ,breathe 
pilaa ,mess up 
kaveria ,a friend 
vakava ,serious 
viemme ,we take 
pahan ,evil 
miehestä ,about the man 
hiukset ,hair 
tykkään ,i like 
juhlia ,celebrate 
yläkerrassa ,upstairs 
pärjäät ,you will be fine 
uuteen ,to the new one 
itselleen ,to himself 
millaisia ,what kind 
nai ,fuck 
Ross ,Ross 
syytäni ,my fault 
juhliin ,to the party 
surullinen ,sad 
-llä ,-with 
tiellä ,under foot 
tanssi ,dance 
viet ,you take 
in ,in 
kysynyt ,asked 
laittoi ,put 
teihin ,to you 
-vuotiaana ,-years old 
siinäkö ,That's it 
nimeltään ,titled 
tylsää ,boring 
muusta ,from the rest 
ymmärsin ,I understood 
voitin ,i won 
kytät ,you can 
valmentaja ,coach 
vapauttaa ,release 
periksi ,to give up 
ehdotan ,I suggest 
häipykää ,fade away 
pohjois- ,north 
löydettiin ,was found 
soitit ,you called 
erilaista ,different 
miehenne ,your husband 
vene ,boat 
pahin ,worst 
bart ,Bart 
suuria ,big ones 
etelään ,southward 
lakia ,law 
tyttöjen ,of girls 
morgan ,Morgan 
kaikessa ,in everything 
lapsille ,for children 
ratkaisu ,solution 
kippis ,Cheers 
luuletteko ,do you think 
luuli ,thought 
näytänkö ,Shall I show 
nimenne ,your name 
inhoan ,I hate it 
malja ,cup 
poju ,sonny 
mukaamme ,with us 
palauttaa ,return 
älykäs ,intelligent 
pihalle ,to the yard 
lähemmäs ,closer 
murehdi ,worried 
riitti ,rite 
Annie ,Annie 
kuuletteko ,do you hear 
mulla ,i have 
kirjoitin ,printer 
varmoja ,certain 
osti ,bought 
kuukausi ,month 
vuotaa ,leak 
Julie ,Julie 
kokenut ,experienced 
hakekaa ,Apply 
vihreä ,green 
Kim ,Kim 
ilmoittaa ,inform 
Terry ,Terry 
paikat ,seating 
minuutti ,minute 
oloni ,my mood 
lähettäkää ,please send 
uutinen ,news 
kirjoittanut ,written by 
lento ,flight 
kirjeen ,the letter 
äitiä ,mother 
tavarat ,goods 
levätä ,rest 
pimeää ,dark 
lintu ,bird 
poistaa ,remove 
perseestä ,ass 
tim ,Tim 
noista ,of those 
koulu ,school 
jean ,jean 
Yorkiin ,to York 
syntymäpäivää ,birthday 
vieras ,guest 
menetti ,lost 
suloinen ,sweet 
menevän ,to go 
uskovat ,believe 
housut ,pants 
beibi ,baby 
ilmaan ,up 
wayne ,Wayne 
tottakai ,of course 
liittovaltion ,federal 
kuului ,was heard 
soitat ,you call 
mielesi ,your mind 
vakavaa ,serious 
suurimman ,the biggest 
paremman ,better 
Elizabeth ,Elizabeth 
totuutta ,the truth 
lupasi ,promised 
ohjelma ,program 
siksikö ,That's why 
tapahtunutta ,happened 
löi ,hit 
nostakaa ,lift up 
valtaa ,power 
ostan ,i buy 
lopuksi ,finally 
vastauksia ,answers 
katsella ,view 
tehtävän ,task 
portti ,port 
Steven ,Steven 
rakastavat ,they love 
menetimme ,we lost 
yhteistyötä ,cooperation 
rakasti ,loved 
nimet ,the names 
asut ,wear 
Leonard ,Leonard 
molempia ,both 
samanlaisia ,similar 
saatko ,can you 
takuulla ,sure 
olevat ,those 
tilanteessa ,in the situation 
sopiva ,suitable 
välin ,between 
syntyi ,born in 
vasemmalla ,on the left 
valehdella ,lie 
kuuden ,six 
Cole ,Cole 
sekö ,it's okay 
howard ,howard 
eroa ,break up 
koulusta ,from school 
tutulta ,familiar 
tahdotko ,do you want 
yhteistä ,in common 
jälkiä ,traces 
huolissaan ,concerned 
asu ,outfit 
miehensä ,her husband 
koeta ,to experience 
myöskään ,neither 
merkkejä ,characters 
huolehdin ,i took care 
rajan ,the border 
hidasta ,slow down 
ennenkuin ,before 
selviämme ,we will survive 
mulle ,to me 
nimeen ,by 
ruumista ,body 
pelätä ,play 
rohkea ,brave 
rakennus ,building 
tietokone ,computer 
kaikkeen ,for everything 
heiltä ,from them 
radio ,radio 
kuuluuko ,right? 
tartu ,grab 
yhdistää ,compound 
luoti ,bullet 
sydämen ,cardiac 
lähtevät ,are leaving 
täti ,aunt 
potilas ,patient 
poikia ,cub 
pala ,piece 
kultaa ,gold 
lähemmäksi ,closer 
laite ,device 
munaa ,egg 
voida ,be 
Jesse ,Jesse 
FBI ,FBI 
koulua ,school 
CTU ,CTU 
haluta ,want 
isoja ,big ones 
sitäkö ,That's it 
pysäyttäkää ,Stop it 
omani ,my own 
dick ,Dick 
joukko ,set 
and ,and 
tajunnut ,realized 
vaikeuksia ,difficulties 
asunto ,housing 
koneeseen ,to the machine 
toisten ,of others 
vaikutuksen ,effect 
alku ,initial 
vietiin ,was taken 
herättää ,wake 
kääntää ,turn 
pöydän ,the table 
rannalla ,onshore 
elämääsi ,your life 
alasti ,naked 
Mulder ,Mulder 
tasan ,equally 
vieläkö ,still 
vieraita ,guests 
tämäkö ,This is it 
valehtelee ,is lying 
iltapäivällä ,afternoon 
nimiä ,names 
tuottaa ,produce 
mukaansa ,along with it 
tajuan ,I understand 
löydy ,is found 
koskea ,concern 
jolle ,to whom 
siirry ,move on 
tarvitsisi ,would need 
esitys ,presentation 
tilannetta ,the situation. 
rahan ,money 
seurassa ,with 
menoksi ,going 
vastatkaa ,please answer 
vanhat ,old ones 
rukoilen ,i pray 
enkeli ,angel 
rakennuksen ,the building 
varas ,thief 
jalkani ,my leg 
pilata ,ruin 
pettää ,deceive 
lienee ,will 
puhuttava ,talkative 
Leo ,Leo 
joukkoon ,among 
iskeä ,strike 
osannut ,knew how 
autat ,you help 
suunnitelmia ,plans 
hommiin ,to work 
ensinnäkin ,in the first place 
kysyt ,you ask 
Rick ,Rick 
pelkäsin ,I was afraid 
antaisi ,would give 
helpompaa ,easier 
aikoja ,times 
tonnia ,tons 
päivästä ,of the day 
kelly ,kelly 
yöksi ,overnight 
tapasi ,met 
erinomaista ,excellent 
käynnissä ,in progress 
käytät ,you use 
lutka ,slut 
jokaista ,each one 
muuttui ,changed 
ollutkaan ,had been 
panen ,I bet 
muutakaan ,nothing else 
pieleen ,wrong 
aloitan ,I'll start 
lepää ,rest 
vanhempasi ,your parents 
hulluna ,crazy 
veljet ,brothers 
musiikki ,music 
pahus ,Heck 
maistuu ,it tastes good 
huutaa ,shout 
jumalaa ,god 
aikoi ,intended 
käydään ,let's go 
sanottiin ,was said 
päänsä ,his head 
ehtinyt ,had time 
asioiden ,of things 
sulle ,to you 
vessaan ,in the bathroom 
linja ,line 
kutsuvat ,are inviting 
syytön ,blameless 
sanoen ,saying 
taloa ,house 
amerikkalaiset ,Americans 
keksit ,cookies 
kivi ,stone 
väärän ,the wrong one 
kaikenlaista ,all kinds of 
auringon ,solar 
Connor ,Connor 
kuunnellut ,listened to 
ovesta ,from the door 
isää ,father 
Bauer ,Bauer 
lähdit ,you left 
kukkia ,flower 
epäilty ,suspect 
selviät ,you will survive 
saattaisi ,might 
frodo ,Frodo 
oletpa ,you are 
sinunkin ,yours too 
taisit ,i guess 
rehellisesti ,fair 
toisesta ,from another 
omista ,own 
vuoksesi ,for you 
virus ,virus 
Gordon ,Gordon 
roskaa ,garbage 
rikos ,criminal 
säästä ,filth 
joitakin ,some 
luokan ,class 
keskittyä ,centralize 
käytin ,i used 
näytätte ,you show 
lujaa ,hard 
pappi ,priest 
yksinkertainen ,simple 
auttanut ,helped 
taistelussa ,in action 
Maggie ,Maggie 
yhtiö ,company 
Wilson ,Wilson 
parempaan ,for the better 
pysyt ,you stay 
vaimon ,the wife 
häiritä ,disturb 
Barry ,Barry 
muutenkin ,as it is 
sattunut ,happened 
hyökkäys ,attack 
silmäni ,my eyes 
osavaltion ,state 
puhuneet ,have spoken 
reitti ,route 
pastori ,pastor 
aseella ,with a gun 
Johnson ,Johnson 
lapsena ,as a child 
mahdollisuuksia ,opportunities 
tyttöystävä ,girlfriend 
pakottaa ,force 
historiaa ,history 
ammutaan ,let's shoot 
pelasta ,save 
vaikutti ,affected 
valittu ,chosen 
surullista ,sad 
sotilaat ,troop 
läski ,fat 
kuulunut ,heard 
Doug ,Doug 
mustaa ,black 
kuulosti ,sounded like 
tavaroita ,goods 
elän ,i live 
itsestäni ,about myself 
seuraavalla ,on the next one 
tarkistan ,I will check 
joitain ,some 
apina ,monkey 
koirat ,dogs 
seuraamme ,we follow 
peräänny ,back off 
painua ,sink 
doc ,doc 
mustan ,black 
hotelli ,hotel 
vaikuttavaa ,impressive 
satoja ,hundreds 
jäsen ,member 
ongelmasi ,your problem 
vievät ,will take 
jutellaan ,let's talk 
vapaata ,off 
eläin ,animal 
yllättynyt ,surprised 
tuliko ,did you come 
päivät ,days 
historian ,of history 
puhetta ,talk 
hermostunut ,nervous 
tekstitys ,subtitles 
puolelta ,from the side 
henkilön ,person 
perjantaina ,on Friday 
istun ,I'm sitting 
luvun ,chapter 
tuhoaa ,destroys 
ihmeellistä ,wonderful 
Katie ,Katie 
lista ,list 
suurempi ,bigger 
tapella ,fight 
ken ,who 
ansiosta ,thanks to 
ajassa ,in time 
Patrick ,Patrick 
oikeita ,real ones 
ongelmaa ,problem 
joudumme ,we have to 
enhän ,I don't 
soi ,is ringing 
oudolta ,strangely 
katsoi ,looked at 
tottunut ,accustomed to 
tuuli ,wind 
huijata ,cheat 
vihollisen ,the enemy 
askel ,step 
pankaa ,bank 
kenellä ,by whom 
avaan ,I will open 
tavallista ,usual 
pakota ,force 
henkilökohtaista ,personal column 
paskaakaan ,shit 
sekunnin ,of a second 
antavat ,give 
osasto ,department 
ettekä ,and you don't 
kuulkaa ,listen 
tarkoitatte ,you mean 
uhka ,risk 
vankilasta ,from prison 
tuhma ,naughty 
käytämme ,we use 
myöhä ,late 
menoa ,to go 
kertovat ,tell 
ajoin ,I drove 
ero ,differential 
vaikuta ,affect 
osoitteessa ,at the address 
tulevaisuuden ,coming 
lopettanut ,through 
löysitkö ,Did you find 
sulkekaa ,shut up 
asiakas ,customer 
baarissa ,at the bar 
uudesta ,from the new one 
päätti ,boat 
Gary ,Gary 
miehistä ,of men 
suudella ,kiss 
luen ,I'm reading 
näköinen ,-looking 
häät ,wedding 
kännissä ,smashed 
arvaan ,i guess 
lähtivät ,they left 
löytävät ,will find 
kerrottavaa ,something to tell 
miksemme ,why not 
valehtelit ,you lied 
poikanne ,your son 
vanhus ,senior citizen 
tutki ,investigate 
nauttia ,have 
ilma ,air 
paita ,shirt 
kirje ,letter 
vastauksen ,the answer 
töistä ,from work 
miksette ,why don't you 
vahingossa ,accidentally 
kaikkiin ,to everyone 
rahasi ,your money 
autosi ,your car 
hoidettu ,taken care of 
annatko ,do you give 
my ,me 
puhutko ,are you talking 
päällesi ,on you 
mahdollinen ,possible 
tehän ,I will 
laskee ,counts 
liikkua ,move 
etenkin ,especially 
an ,an 
petturi ,traitor 
esille ,up 
astu ,step in 
helen ,Helen 
sanani ,my words 
ystävänsä ,his friend 
sitähän ,that's it 
näpit ,keys 
autoja ,cars 
erityisesti ,particularly 
tosissaan ,seriously 
pystymme ,we can 
lasken ,I count 
tekin ,also 
tunteita ,emotions 
pääsevät ,can get 
vallan ,power 
erityinen ,special 
myrsky ,storm 
varoitus ,Warning 
hotellissa ,at a hotel 
nappaa ,grab 
veren ,blood 
palaat ,you return 
viikonloppuna ,on the weekend 
saattavat ,might 
lana ,lana 
näittekö ,Did you see? 
tapamme ,we kill 
kunnioitusta ,respect 
parhaita ,the best 
joukot ,forces 
voitto ,profit 
näihin ,to these 
suihkussa ,in the shower 
voittanut ,won 
veitsi ,knife 
eläimiä ,animals 
outoja ,strange 
varsinainen ,actual 
hevonen ,horse 
hankala ,tricky 
parempia ,better ones 
keskus ,central 
tuonut ,brought 
työt ,work 
kuun ,lunar 
sivuun ,aside 
jutusta ,about the story 
nouskaa ,get up 
äänen ,sound 
ned ,Sun 
menneet ,gone 
jollain ,with something 
jalka ,foot 
hommia ,chores 
joutunut ,had to 
soittamaan ,to call 
jokaisella ,with everyone 
taistele ,fight 
toivo ,hope 
epäilen ,I doubt it 
numeron ,the number 
mikäs ,what 
elämme ,we live 
planeetan ,the planet 
vastannut ,answered 
kiirehdi ,hurry up 
lihava ,fat 
armoa ,mercy 
kahteen ,to two 
kävele ,take a walk 
puoliksi ,in half 
miller ,Miller 
tehtävää ,task 
normaalisti ,normally 
käskyjä ,orders 
miekka ,sword 
tapahtuisi ,would happen 
kuulosta ,sound 
Jackin ,Jack's 
onni ,luck 
pentu ,puppy 
erilaisia ,different sorts of 
sovimme ,we agreed 
lou ,Lou 
lincoln ,lincoln 
juonut ,drank 
vikani ,my fault 
tutkimme ,we investigate 
jenny ,Jenny 
nähty ,seen 
laiva ,ship 
valon ,the light 
erota ,differ 
kylmää ,cold 
herätys ,wake-up 
Andrew ,Andrew 
vastausta ,answer 
takki ,jacket 
pyysit ,you asked 
sydämesi ,your heart 
virheitä ,errors 
löytynyt ,found 
kauppa ,trade 
kestänyt ,endured 
kirjoja ,books 
tila ,status 
nuoria ,young people 
näkynyt ,seen 
katsonut ,watched 
kahdessa ,in two 
tunnetteko ,do you feel 
perheensä ,his family 
ylikonstaapeli ,sergeant 
luulitko ,Did you think 
arvata ,guess 
riskin ,the risk 
tällaisen ,like this 
isoa ,big 
luulimme ,we thought 
sittenkin ,even so 
kunnian ,honor 
yrittivät ,tried 
selitän ,I'll explain 
selkään ,back 
käyttöä ,use 
pääsette ,you can 
länteen ,westward 
lopullisesti ,finally 
ystävän ,a friend 
itään ,east 
ilmaiseksi ,free 
maitoa ,milk 
autolla ,by road 
jäin ,i stayed 
omaan ,to my own 
Ron ,Ron 
haluaako ,do you want 
metsässä ,in the forest 
tuhoa ,destroy 
luule ,think 
kauemmin ,longer 
temppu ,trick 
laitonta ,illegal 
makaa ,lie down 
itke ,cry 
näyttelijä ,actor 
tienneet ,knew 
tyttöystäväni ,my girlfriend 
kera ,with 
polta ,smoke 
lapsesi ,your child 
Jacob ,Jacob 
kuoliaaksi ,to death 
kotoa ,from home 
syyn ,the reason 
merkitse ,mark 
pelottavaa ,scary 
nousi ,rose 
lahjoja ,gifts 
lauantaina ,on Saturday 
ampumaan ,to shoot 
läheltä ,at close range 
lahjan ,a gift 
joulu ,Christmas 
ruumiita ,corpses 
tuollaisia ,like that 
taksi ,taxi 
ammuin ,i shot 
unia ,dreams 
pysyn ,i stay 
Taylor ,Taylor 
puolestaan ,in turn 
täsmälleen ,exactly 
Louis ,Louis 
arvasin ,I guessed 
erikoista ,special 
oikeudessa ,in court 
puhelimen ,phone 
sulla ,you have 
isääni ,my father 
Derek ,Derek 
benjamin ,Benjamin 
ympärillä ,around 
suuret ,big ones 
tuskaa ,pain 
ilmassa ,in the air 
hoitaja ,nurse 
tällaisia ,like these 
ajatuksia ,thoughts 
lähetettiin ,was sent 
tarinoita ,stories 
onkohan ,is it 
sisar ,sister 
yleisö ,audience 
isompi ,bigger 
ampuko ,shoot 
jatkan ,i will continue 
tulisit ,you would come 
elävät ,are living 
ilmestyi ,appeared 
ilmaista ,express 
virallisesti ,officially 
ampuu ,shoots 
likainen ,dirty 
työskenteli ,was working 
potter ,Potter 
tarkemmin ,more specifically 
nuoret ,young people 
määrää ,quantity 
päiviä ,days 
oikealta ,from the right 
tarvitsin ,i needed 
korkeutenne ,your highness 
noiden ,those 
ottavat ,are taking 
maksat ,you pay 
hienoja ,great ones 
ensiksi ,first 
kielletty ,forbidden 
vanhaan ,old 
jäljittää ,trace 
kysymykseen ,to the question 
pettynyt ,disappointed 
tarkoitettu ,intended 
mukanasi ,with you 
suojaan ,for protection 
leikata ,cut 
häivyn ,i disappear 
Seth ,Seth 
jäämme ,we stay 
nolla ,zero 
vikana ,wrong 
omistaja ,owner 
varoittaa ,warn 
syövät ,cancers 
pahoin ,badly 
vuoroni ,my turn 
päätöksen ,the decision 
pysähtykää ,please stop 
jostakin ,about something 
alussa ,at the beginning of 
upealta ,wonderful 
parker ,Parker 
johtajan ,the manager 
myötä ,with 
erästä ,of a batch 
asemalle ,to the station 
heitti ,threw 
sinäkään ,you too 
välität ,you care 
tytöstä ,about the girl 
käskyn ,I command 
käyvät ,are going 
toimisto ,office 
runkkari ,a jerk 
kirkon ,of the church 
turvaan ,for safekeeping 
vienyt ,taken 
pyhän ,holy 
vahvistaa ,confirm 
kerrankin ,for once 
kieltä ,language 
karen ,Karen 
pankki ,bank 
haluaisimme ,we would like to 
vastustaa ,resist 
luulisi ,you would think 
vein ,I took 
mitähän ,what 
näyttäkää ,show me 
saarella ,on the island 
ampuja ,shooter 
maksavat ,are paying 
puhelinta ,phone 
tapahtumaan ,to the event 
räjäyttää ,blow up 
toisinaan ,sometimes 
vakuuttaa ,convince 
maanantaina ,on Monday 
luku ,number 
taatusti ,certainly 
-lla ,-with 
toisensa ,each other 
pani ,put 
aiheutti ,caused 
tärkeitä ,important 
kuulimme ,we heard 
keskelle ,in the middle 
ääniä ,sounds 
meren ,marine 
petti ,cheated 
pankin ,of the bank 
hengiltä ,from spirits 
täydellisesti ,perfectly 
pahinta ,the worst 
salaa ,secretly 
kirottu ,damnable 
tuolle ,to that 
unohdit ,you forgot 
rocky ,Rocky 
vieköön ,let me take 
koneet ,machinery 
salli ,fellow 
rauha ,peace 
salassa ,in secrecy 
alueelle ,to the area 
vaihda ,switch 
jossakin ,somewhere 
teetkö ,do you 
veteen ,into the water 
tajuta ,realize 
öisin ,nightly 
pelkäänpä ,I'm afraid 
kauaa ,a long time 
käyt ,you use 
Kenny ,Kenny 
pitävän ,to like 
autot ,car pool 
johan ,John 
poikaystävä ,boyfriend 
Amerikka ,America 
lopettamaan ,to stop 
sielu ,soul 
ansaitsee ,deserves 
tyttärensä ,his daughter 
ammuit ,you shot 
pimeässä ,in the dark 
kuollutta ,dead 
miljoonia ,millions 
varattu ,reserved 
pam ,pam 
syvältä ,from deep 
työnsä ,his work 
toiste ,again 
viimeistä ,the last one 
linda ,Linda 
alkoivat ,began 
puhe ,speech 
kokous ,meeting 
omin ,my own 
pommin ,bomb 
tekemisissä ,dealing with 
haetaan ,applied for 
kätensä ,his hand 
neitsyt ,Virgin 
kahdesta ,out of two 
taistelemaan ,to fight 
riittävän ,enough 
toisaalta ,secondly 
asema ,station 
antaisin ,I would give 
paikallaan ,in place 
luoda ,create 
selvinnyt ,survived 
kaupan ,on the market 
kateissa ,missing 
mukanani ,with me 
voimia ,forces 
just ,just 
molly ,Molly 
kättä ,hand 
voitit ,you won 
yritimme ,we tried 
tuhatta ,a thousand 
olisikin ,would be 
kovempaa ,harder 
serkkuni ,my cousin 
poistu ,get out 
veti ,pulled 
tanssimaan ,to dance 
valehtelin ,i lied 
tunnistaa ,recognize 
Vincent ,Vincent 
sisältä ,from within 
pallon ,the ball 
silmä ,eye 
muistatteko ,Do you remember? 
sotaan ,to war 
teitkö ,Did you 
häiritse ,disturb 
tuntematon ,unknown 
avaimen ,the key 
ampunut ,shot 
tapaat ,you meet 
tunnetaan ,is known 
nimessä ,in the name of 
koittaa ,dawn 
vitussa ,fucking 
salaisuuksia ,secrets 
vaadin ,female reindeer 
tuttu ,known 
joihin ,to which 
keksinyt ,invented 
isoisä ,grandfather 
jalkasi ,your feet 
pihalla ,in the yard 
olosi ,how you feel 
paranee ,getting better 
naiselle ,for a woman 
rakastanut ,loved 
keinon ,way 
juutalainen ,Jewish 
ethan ,Ethan 
etsimässä ,looking for 
päivään ,to the day 
ideoita ,ideas 
turhaa ,pointless 
käynnistä ,turn on 
haluaisitteko ,Would you like to 
työnnä ,Push 
muutu ,change 
kerrohan ,Let me tell you 
murhattiin ,was murdered 
kertoisin ,I would tell 
kuuli ,heard 
lähetys ,transmission 
väki ,people 
entäpä ,what about 
Nancy ,Nancy 
tulitko ,did you come 
isäntä ,host 
aloitti ,started 
mac ,mac 
Washington ,Washington 
saatoit ,you could 
englannin ,English 
aamiaista ,breakfast 
heräsin ,I woke up 
ilmoita ,notify 
Nathan ,Nathan 
laulu ,song 
välttää ,avoid 
elämässäni ,in my life 
-een ,to 
palataan ,let's go back 
maksanut ,paid 
väärään ,wrong 
ohjaa ,guide 
kentällä ,in the field 
Brad ,Brad 
ohitse ,by 
vuokseni ,for me 
ehdin ,I had time 
hypätä ,jump 
poikien ,boys 
puhuen ,talking 
isääsi ,your father 
käyttämään ,to use 
asioihin ,to things 
valitsi ,chose 
maailmasta ,of the world 
ikkunan ,the window 
valkoisen ,white 
amanda ,Amanda 
jännittävää ,exciting 
pelaamaan ,to play 
uhrin ,victim 
mielenkiintoinen ,interesting 
teal'c ,Teal'c 
keikka ,gig 
isku ,impact 
kaikissa ,in all of them 
lattialle ,on the floor 
pidettävä ,to be held 
pöytä ,table 
luonani ,at my house 
edellä ,above 
äidillesi ,to your mother 
pakeni ,ran away 
emma ,Emma 
työskentelet ,you work 
lähtekää ,go away 
söin ,i ate 
tyttöni ,my girl 
nautin ,I enjoyed 
vähintään ,at least 
lääkkeitä ,medicines 
ranskan ,french 
ansaitse ,earn 
pelkoa ,fear 
huomaatko ,Do you notice 
uskoisi ,would believe 
vuoro ,turn 
pyydät ,you ask 
linjalla ,on the line 
pelko ,fear 
erikoinen ,special 
rock ,rock 
kappas ,brave 
paikallasi ,at your place 
kävimme ,we went 
äitiäsi ,your mother 
keneltä ,from whom 
kansa ,callus 
muutin ,I moved 
tuntevat ,feel 
pelastin ,i saved 
lady ,lady 
mietit ,you think 
parhaiten ,best 
sekopää ,nutcase 
kerroksessa ,on the floor 
peloissani ,scared 
odotas ,you wait 
hommat ,ropes 
Carlos ,Carlos 
luvulla ,century 
uskoin ,i believed 
muutos ,change 
jumalat ,the gods 
säästää ,save 
neidit ,ladies 
verrattuna ,compared to 
asui ,lived 
kulunut ,past 
veljensä ,his brother 
muuttanut ,moved 
sally ,Sally 
yhdelle ,for one 
malta ,Malta 
ambulanssi ,ambulance 
rakastamme ,we love 
ensimmäiset ,the first ones 
kala ,fish 
vampyyri ,vampire 
vankila ,prison 
saksan ,German 
vahingoittaa ,damage 
grace ,Grace 
luulenpa ,I think so 
toimittaja ,supplier 
utelias ,curious 
antoivat ,gave 
onnistua ,succeed 
kartta ,map 
Teddy ,Teddy 
varsin ,quite 
sanovan ,to say 
lois ,parasitic 
hattu ,hat 
täydellisen ,perfect 
las ,cal 
salaisuuden ,the secret 
siirtyä ,move 
isällesi ,to your father 
white ,white 
seksi ,sex 
muttet ,but you don't 
huoneesta ,from the room 
kortti ,tail 
molempien ,of both 
vapauden ,freedom 
syötävää ,something to eat 
söi ,ate 
syytäsi ,your fault 
mieleeni ,to my mind 
tarkistin ,I checked 
luuseri ,loser 
eläkkeelle ,for retirement 
varovaisia ,careful 
hetkessä ,overnight 
tietoinen ,aware 
kauniit ,beautiful ones 
hotellin ,the hotel 
huuda ,Scream 
pelkäävät ,are afraid 
logan ,Logan 
kipua ,pain 
muuttuvat ,are changing 
minkälainen ,what kind 
kutsumme ,we invite 
kuukausia ,months 
napata ,grab 
kävelylle ,for a walk 
kaikkeni ,my everything 
Beth ,Beth 
vangit ,prisoners 
iski ,struck 
ellemme ,unless we 
johdossa ,at the head 
tarvitsi ,needed 
pystyssä ,erect 
minulla ,i have 
rikollinen ,criminal 
käykää ,come on 
kunnioituksella ,with respect 
seriffi ,sheriff 
keskustelu ,discourse 
perjantai ,Friday 
isänne ,your father 
sammy ,Sammy 
amiraali ,admiral 
tiimi ,team 
samalta ,from the same 
ilmi ,out 
listalla ,on the list 
kostaa ,revenge 
lentokentälle ,to the airport 
tyttöystäväsi ,your girlfriend 
päivänjatkoa ,the rest of the day 
sopimusta ,agreement 
ollen ,being 
yrittäkää ,please try 
peto ,beast 
tukea ,support 
erityisen ,particularly 
näkisi ,would see 
maistaa ,taste 
pystyisi ,could 
lukossa ,locked 
kerrottava ,multiplicand 
hienot ,great ones 
aluetta ,area 
energiaa ,energy 
toisemme ,each other 
elänyt ,lived 
mieleni ,my mind 
minullekin ,me too 
viemään ,to take 
hevosen ,a horse 
minulle ,me 
pullo ,bottle 
uskoi ,believed 
kahdestaan ,alone 
pimeyden ,of darkness 
tulevaisuutta ,the future 
karkasi ,ran away 
haittaako ,do you mind 
viestiä ,message 
sellaiseen ,to such 
testi ,test 
takiani ,because of me 
kuulostat ,you sound 
ylikomisario ,superintendent 
jätät ,you leave 
selitä ,clear 
nauha ,tape 
puhuta ,to talk 
painukaa ,press down 
kahdella ,by two 
omassa ,in my own 
nukkunut ,slept 
tutkimaan ,to investigate 
isälle ,to the father 
pariin ,couple 
kerrotaan ,let's tell 
liput ,bunting 
katoaa ,disappears 
löydetty ,found 
Abby ,Abby 
tulokset ,score 
elät ,you live 
kiven ,stone 
tuhosi ,destroyed 
Robin ,Robin 
seuraavaan ,to the next one 
sinuna ,as you 
Amerikassa ,in America 
suunnitelman ,the plan 
ryhmän ,of the group 
Stark ,Stark 
turvallinen ,safe 
jutut ,stuff 
anne ,give 
jaksaa ,keep 
pelataan ,let's play 
tytölle ,for a girl 
tunsi ,felt 
yläpuolella ,above 
pääsy ,access 
kumpikaan ,neither of them 
jooko ,O.K 
kieltää ,prohibit 
Nina ,Nina 
sairasta ,sick 
hyökkää ,attack 
voitan ,I win 
paholaisen ,of the devil 
kultainen ,golden 
kerros ,layer 
tiukka ,tight 
johti ,led 
saadakseni ,in order to get 
eloon ,alive 
saattanut ,may have 
Angel ,Angel 
raportin ,the report 
noloa ,embarrassing 
saapunut ,arrived 
lääkärit ,Harley Street 
olisi ,would be 
elämämme ,our lives 
Lenny ,Lenny 
kääntyä ,turn 
oikeat ,the right ones 
nuoren ,young 
vaara ,wrong 
tunnette ,you know 
vahtia ,watch 
sisareni ,my sister 
sydämensä ,his heart 
Hitler ,Hitler 
ruumiit ,corpses 
you ,you 
päivittäin ,daily 
koneessa ,on the plane 
linnaan ,to the castle 
uskomaan ,to believe 
syntyy ,is born 
mustat ,the black ones 
poistukaa ,get out 
syödään ,let's eat 
arvon ,value 
asunnon ,apartment 
tuuri ,luck 
Lewis ,Lewis 
kasvanut ,grown up 
perse ,ass 
Jennifer ,Jennifer 
palvelusta ,of the service 
käymme ,we go 
sotku ,mess 
ottelu ,match 
suuntaa ,direction 
Vince ,Vince 
lehden ,magazine 
vihollisia ,enemies 
Greg ,Greg 
kent ,Kent 
suora ,direct 
itsemurha ,suicide 
hassu ,funny 
aikonut ,intended to 
tiesivät ,knew 
planeetta ,planet 
kertoiko ,Did you tell 
leikkaa ,cut 
toiselta ,from another 
neljäs ,fourth 
opetan ,I teach 
poikaani ,my son 
kiertää ,rotate 
ihmiset ,people 
ministeri ,minister 
otettava ,to be taken 
näinkö ,Did I see? 
ottivat ,took 
istut ,you sit 
liike ,business 
järjestelmä ,system 
kunnioittaa ,respect 
tekeväsi ,that you are doing 
elokuvaa ,movie 
voimat ,power 
von ,won 
onnellisia ,happy ones 
paholainen ,devil 
veit ,you take 
tulisitko ,would you come 
rotta ,rat 
toimistossa ,in the office 
matalaksi ,to low 
palkkasi ,your salary 
sut ,you 
naisista ,about women 
voiman ,power 
tappaisi ,would kill 
huijari ,charlatan 
iskee ,strikes 
ongelmana ,as a problem 
parhaillaan ,presently 
donna ,Donna 
Albert ,Albert 
käskee ,commands 
palkkaa ,wages 
panin ,I put 
vielä ,yet 
rohkeutta ,courage 
korjaa ,fix it 
lopetin ,i stopped 
olento ,being 
hallinnassa ,under control 
kutsut ,party 
ansainnut ,deserved 
tarjous ,offer 
rankka ,heavy 
lähetetään ,is sent 
pikkuinen ,little one 
riisu ,Undress 
suojelee ,protects 
odottamassa ,on hold 
molemmille ,for both 
tiedättehän ,you know 
maamme ,our country 
myönnä ,admit 
piiloon ,to hide 
tulessa ,on fire 
hajuakaan ,no smell 
keittiössä ,in the kitchen 
kiitän ,I thank you 
sormuksen ,the ring 
kävisi ,would do 
kutsuit ,you invited 
sammuttaa ,shut off 
kuulitteko ,You heard 
katolla ,on the roof 
etukäteen ,in advance 
Frankie ,Frankie 
ulkopuolelle ,outside 
järjestän ,I will arrange 
kuvernööri ,governor 
luki ,read 
tapahtuvan ,happening 
Brown ,Brown 
ratkaista ,solve 
Marie ,Marie 
kääntyy ,turns 
venäläiset ,Russians 
ohjelman ,program 
puu ,wood 
pysähtyä ,stop 
ann ,Ann 
järkyttynyt ,upset 
hyökkäsi ,attacked 
alakertaan ,downstairs 
kuuluvat ,belong 
kenestä ,of whom 
ottamatta ,without taking 
tällöin ,here 
unessa ,asleep 
kovia ,tough 
Martha ,Martha 
huonetta ,room 
hänkö ,Hanko 
pelkäätkö ,Are you afraid? 
saatu ,received 
sanomassa ,in the message 
kohdata ,face 
toivomme ,we hope 
kauniin ,the most beautiful 
palaavat ,are returning 
syöpä ,cancer 
päälleni ,on me 
Pariisissa ,in Paris 
Jay ,Jay 
lähetämme ,we send 
perustuu ,based on 
venäjän ,Russian 
pidätettiin ,was arrested 
kaikkialta ,from everywhere 
puhdasta ,clean 
muutan ,I'm moving 
arvokas ,valuable 
tekijä ,factor 
seuraavaa ,next 
taidamme ,we think 
viskiä ,whiskey 
lukemaan ,to read 
Lawrence ,Lawrence 
hirveä ,terrible 
kumpikin ,each 
pääsimme ,we made it 
Julia ,Julia 
cooper ,Cooper 
katua ,regret 
huhuu ,rumours 
taitava ,skilful 
vuodesta ,from the year 
uskollinen ,loyal 
otettu ,assumed 
ostamaan ,to buy 
jokaiselle ,for everyone 
halusimme ,we wanted 
käden ,the hand 
jäljet ,trace 
listan ,the list 
bileet ,rave 
rikkoa ,break 
unelma ,dream 
nauraa ,laugh 
elämästäni ,of my life 
maksetaan ,is paid 
sukua ,kindred 
peloissaan ,afraid 
toivoisin ,I would hope 
kauppaa ,trade 
näille ,for these 
valkoista ,white 
ilmoitan ,I'll let you know 
muuttamaan ,to change 
puhuvan ,to speak 
lukittu ,locked 
kasvattaa ,breed 
toimistoon ,to the office 
tehtäväni ,my mission 
rakastatko ,do you love 
muistoja ,memories 
kellon ,the clock 
selitys ,explanation 
lämmin ,warm 
luotettava ,reliable 
seinää ,the wall 
pahempi ,worse 
hävitä ,lose 
käärme ,snake 
kuulua ,belong 
korttelin ,block 
pilailetko ,Are you kidding me 
sellaisesta ,of such 
selviän ,I'll be fine 
kirkko ,church 
käsistä ,out of control 
rva ,Mrs 
hankalaa ,awkward 
kolmessa ,in three 
matkustaa ,travel 
laatikko ,box 
tultava ,to come 
Carol ,Carol 
kaduilla ,in the streets 
hiljaista ,quiet 
Rodney ,Rodney 
asemalla ,at the station 
Xvidsubs ,Xvidsubs 
seonnut ,mixed up 
juhlissa ,at the party 
uskokaa ,believe me 
pelottava ,scary 
alkaen ,from 
jäit ,you stayed 
Aaron ,Aaron 
lähtöön ,departure 
riski ,risk 
juttelemaan ,to chat 
joudu ,have to 
kirkossa ,in the church 
saatoin ,i could 
joukossa ,among 
street ,street 
pistettä ,points 
tietääkseni ,as far as I know 
päinvastoin ,vice versa 
puolta ,side 
erityistä ,special 
paremmaksi ,for better 
tuki ,support 
istui ,was sitting 
menetämme ,we lose 
alakerrassa ,downstairs 
käsiin ,hands 
ajattelemaan ,to think 
kolmannen ,the third 
tuulella ,in the mood 
mieheltä ,from a man 
valmistaudu ,get ready 
syvään ,deep 
hyvällä ,with good 
nauttikaa ,enjoy 
näyttänyt ,showed 
käsissä ,in hands 
Yhdysvaltojen ,of the United States 
tuomaan ,to bring 
kävelemään ,to walk 
tiedetään ,is known 
siirrä ,move 
seisoo ,standing 
huomaamatta ,unawares 
Angela ,Angela 
Scully ,Scully 
Marge ,Marge 
by ,by 
kutsuttu ,invited 
kutsuin ,I called 
rauhoittua ,calm down 
lääkettä ,medicine 
lounaalle ,for lunch 
bella ,Bella 
puntaa ,pounds 
hetkeä ,moment 
esi ,pre 
maksoin ,i paid 
lähettänyt ,sent by 
aloittakaa ,get started 
kaatui ,fell down 
kerää ,collect 
läheisiä ,close ones 
olisitko ,would you 
south ,south 
maya ,Maya 
merkin ,sign 
salama ,flash 
kallis ,expensive 
hullun ,crazed 
tällaiseen ,to such 
käskit ,you commanded 
vedän ,I pull 
ikkuna ,window 
green ,green 
koiraa ,a dog 
pysymme ,we stay 
oluen ,beer 
jahtaa ,chasing 
kasaan ,pile up 
ymmärsitkö ,Did you understand 
alkua ,the beginning 
kadota ,disappear 
käytännössä ,practically 
leiki ,play 
kävit ,you visited 
sekunnissa ,in a second 
alalla ,in the field 
satu ,fairy tale 
puolellani ,on my side 
kauemmas ,further 
kaukaa ,from afar 
soturi ,warrior 
fox ,fox 
harvoin ,rarely 
lippu ,ticket 
jätetään ,will be left 
siirtykää ,move on 
maailmalle ,to the world 
ah ,Ah 
salaista ,secret 
juu ,yep 
täyden ,full 
suunnitelmaa ,plan 
jee ,yay 
mahtaa ,might 
sujui ,it went well 
pelkkiä ,just 
hotelliin ,to the hotel 
taisimme ,we think 
kiltisti ,nicely 
sää ,weather 
kunniaksi ,in honor of 
päiväksi ,for a day 
suunnitellut ,designed by 
bisnestä ,of business 
kappale ,paragraph 
menetkö ,are you going 
portin ,the gate 
rehtori ,headmaster 
loistavasti ,fine 
iisisti ,coolly 
vaimonne ,your wife 
tapasit ,you met 
suosittelen ,I recommend 
Sydney ,Sydney 
West ,West 
päätäsi ,your head 
veneen ,the boat 
kalaa ,fish 
Lontoossa ,in London 
tilaisuutta ,opportunity 
numerot ,numbers 
sandy ,Sandy 
nimittäin ,namely 
Nicholas ,Nicholas 
odotti ,waited 
odotahan ,wait 
pelleile ,fool around 
tuleen ,into the fire 
kuu ,Moon 
lämmintä ,warm 
ollut ,been 
kusipäät ,assholes 
Earl ,Earl 
rennosti ,casually 
kauniilta ,beautiful 
Simpson ,Simpson 
käsitä ,understand 
lapsensa ,their children 
bravo ,Bravo 
laukku ,bag 
kolmesta ,out of three 
kertoisi ,would tell 
jin ,Jin 
uhkaa ,threatens 
toimesta ,through the agency of 
päättynyt ,finished 
pelistä ,of the game 
haju ,smell 
tehtäväsi ,your tasks 
valitsit ,you chose 
vapaasti ,freely 
vastasi ,answered 
kosto ,revenge 
onneton ,unhappy 
hommaan ,get to work 
nappia ,button 
syyttäjä ,prosecutor 
perseesi ,your ass 
kävelen ,I'm walking 
miehellä ,with a man 
lukuun ,account 
tuollaisen ,like that 
kerromme ,we will tell 
synnyin ,native 
väitä ,argue 
työstä ,from work 
kysytään ,let's ask 
versio ,version 
ovelle ,to the door 
kukas ,flower 
vaikeuksissa ,in trouble 
ehdotus ,proposal 
jatkat ,you continue 
isoäiti ,grandmother 
uskalla ,dare 
vaikutus ,effect 
uskoisin ,i would believe 
kerrottu ,double 
takanasi ,behind you 
riittävästi ,sufficiently 
valinnut ,chose 
kotini ,my home 
demoni ,demon 
Freddy ,Freddy 
kokoa ,the size 
päivälliselle ,for dinner 
hiljainen ,quiet 
saammeko ,can we 
siirretään ,will be transferred 
tervetulleeksi ,welcome 
päästän ,I let go 
mukavalta ,comfortable 
samppanjaa ,champagne 
pojalle ,for the boy 
kadulle ,to the street 
kuulitte ,you heard 
murhan ,murder 
YK ,UN 
itkeä ,cry 
pitkää ,long 
signaali ,signal 
ensimmäiseksi ,first 
mi ,mi 
tauti ,disease 
itseasiassa ,in fact 
todistaja ,witness 
välillämme ,between us 
saisimme ,we would get 
Ronnie ,Ronnie 
tietty ,certain 
vaikutat ,you influence 
Clay ,Clay 
aikuinen ,adult 
vedessä ,in the water 
suutele ,kiss 
kaikin ,everything 
saarelle ,to the island 
uskomattoman ,incredibly 
kahvi ,coffee 
lopetti ,stopped 
toivotaan ,let's hope 
aloitin ,I started 
alkuun ,to the beginning 
Jonathan ,Jonathan 
kädessä ,on 
autoit ,cars 
kysyit ,you asked 
ymmärtämään ,to understand 
kätenne ,your hand 
viereen ,beside 
kävisikö ,would it be possible 
nimeään ,to his name 
jokaisessa ,in each one 
yksikkö ,unit 
Rooman ,Roman 
aamun ,the morning 
ruohoa ,grass 
King ,King 
Ian ,Ian 
toimiiko ,does it work 
to ,Thu 
menikö ,did i go 
man ,man 
parka ,poor 
josh ,Josh 
huomata ,note 
ikään ,age 
poikaystäväsi ,your boyfriend 
kansan ,public 
pyytämään ,to ask for 
tapahtumat ,proceedings 
pilvessä ,stoned 
asiani ,my thing 
kädestä ,from the hand 
sairaala ,hospital 
kävelee ,walks 
paikoillanne ,in your places 
järjetöntä ,absurd 
hyökätä ,attack 
syöt ,you eat 
omasi ,yours 
show ,show 
tuntuuko ,Do you feel 
käsitellä ,deal with 
Amerikkaan ,to America 
rakkaudesta ,for love 
viitsikö ,do you mind 
tunnemme ,we feel 
hampaat ,teeth 
paketti ,package 
kaltaisesi ,like you 
käteistä ,cash 
luopua ,abandon 
yksinkertaisesti ,simply 
sonny ,Sonny 
sokeria ,sugar 
Stanley ,Stanley 
lähistöllä ,nearby 
tiennytkään ,didn't know 
vakooja ,spy 
teko ,artificial 
tunnista ,recognize 
tahtoisin ,I would like to 
hoidat ,you take care 
samasta ,of the same 
elävä ,living 
joseph ,joseph 
seurasi ,followed 
pettänyt ,betrayed 
yksiköt ,units 
ihmeen ,wonder 
tuot ,you bring 
Willie ,Willie 
pystyi ,could 
lahjakas ,talented 
esittelen ,I present 
lähempänä ,closer 
osoitteen ,address 
auttaisi ,would help 
Pariisiin ,to Paris 
veto ,bet 
ainoan ,the only one 
itä ,east 
metsään ,to the forest 
olethan ,you are 
ajattelevat ,are thinking 
ihmiskunnan ,of mankind 
Tracy ,Tracy 
taistelua ,fight 
aluksella ,on shipboard 
suunniteltu ,scheduled 
puheenjohtaja ,chairman 
työskennellyt ,worked 
kotiisi ,to your home 
siinäpä ,that's it 
kolmea ,three 
rauhallinen ,quiet 
sopia ,fit 
kunniaa ,honor 
hetkenä ,in a moment 
heitän ,i throw 
rannalle ,to the beach 
betty ,Betty 
drinkin ,a drink 
syömme ,we eat 
seiso ,stand up 
rahoista ,of the money 
pojasta ,about the boy 
kärsiä ,suffer 
ylittää ,exceed 
ainoat ,the only ones 
puoleen ,half 
Shane ,Shane 
jutussa ,in the story 
tauko ,break 
selvästikin ,obviously 
tottele ,obey 
laulun ,the song 
siellä ,there 
silmänsä ,his eyes 
aikanaan ,in due course 
tärkeämpää ,more important 
vaati ,demanded 
putoaa ,falls 
loi ,created 
punaista ,red 
naama ,face 
Lontooseen ,To London 
sellaiset ,such 
Sophie ,Sophie 
toimin ,I acted 
varmaa ,for sure 
muistin ,I remembered 
ansaitset ,you deserve 
karata ,elope 
uni ,sleep 
pysyvät ,are permanent 
yritätte ,you try 
syyni ,my reason 
Dennis ,Dennis 
käytit ,you used 
palan ,I'm burning 
tuijotat ,you stare 
panee ,put 
saksalaiset ,the germans 
Neil ,Neil 
tappaminen ,killing 
varastit ,you stole 
loukata ,violate 
penny ,penny 
ylpeitä ,proud 
aviomies ,husband 
Michelle ,Michelle 
osaavat ,know how 
tarinaa ,story 
lukien ,from 
eläimet ,the animals 
luulla ,think 
sunnuntaina ,on Sunday 
kerroitko ,Did you tell 
Elaine ,Elaine 
vaihe ,step 
kotiini ,to my home 
pystyyn ,up 
vuodet ,years 
halki ,through 
Ricky ,Ricky 
toveri ,comrade 
kokemusta ,experience 
kärsii ,suffers 
mainita ,mention 
varoitan ,I warn you 
lennä ,fly 
kirjoitettu ,written 
tupakkaa ,tobacco 
santa ,sand 
ottaisin ,I would take it 
murhaa ,murder 
randy ,Randy 
olisipa ,would be 
kokeillaan ,let's try 
tilalle ,in place of 
ystävää ,a friend 
palatkaa ,come back 
aseeni ,my gun 
ollutkin ,was 
autamme ,we help 
huomaat ,you notice 
pitkät ,long ones 
urhea ,brave 
poikaystäväni ,my boyfriend 
ollessa ,while being 
olut ,beer 
taistelemme ,we fight 
Ashley ,Ashley 
Anthony ,Anthony 
legenda ,legend 
Jeesuksen ,of Jesus 
ellette ,unless you 
paikkaansa ,in place 
luodin ,the bullet 
jäljelle ,left behind 
kaivaa ,dig 
näyttääkö ,does it seem 
sanottuna ,that being said 
ihanko ,Absolutely 
menetän ,i lose 
kilttejä ,kind ones 
vastoin ,contrary to 
odottaneet ,have been waiting for 
hienon ,great 
kuuleeko ,can you hear 
raportti ,report 
vihaat ,you hate 
korvata ,replace 
tunteja ,hours 
väitätkö ,Do you claim? 
hyökkäyksen ,the attack 
niinku ,like that 
menetät ,you lose 
hukkaan ,wasted 
murtunut ,broken 
illalliselle ,for dinner 
upseeri ,officer 
etsitte ,you are looking for 
nauhan ,tape 
ääneen ,aloud 
saavuttaa ,reach 
kanaa ,chicken 
mielestään ,in his opinion 
tyttärenne ,your daughter 
tule ,come on 
oletko ,are you 
setäni ,my uncle 
aiotteko ,are you going to 
kokeita ,experiments 
ryhtyä ,start 
syvällä ,deep 
näkivät ,saw 
nukun ,i sleep 
ajattelimme ,we thought 
lähdetkö ,are you leaving 
viimeisenä ,last 
black ,black 
Marshall ,Marshall 
kutsuttiin ,was invited 
valehteli ,lied 
päässeet ,have reached 
ystäviäni ,my friends 
tämäpä ,this one 
Walker ,Walker 
löysitte ,you found 
tyhmiä ,fools 
työntää ,push 
oliver ,Oliver 
lentäjä ,pilot 
apuani ,my help 
ajatteli ,thought 
kung ,king 
karhu ,bear 
harkita ,consider 
puuta ,of wood 
Harold ,Harold 
annettu ,given 
piittaa ,to care 
kysymystä ,question 
munia ,lay eggs 
kohteen ,of the object 
seurannut ,followed 
voitat ,you win 
kiinnostavaa ,interesting 
vaarallisia ,dangerous 
lakimies ,lawyer 
lehti ,leaf 
kaupassa ,in the store 
katsovat ,are watching 
syvälle ,deep 
vapauta ,release 
aioit ,you were going to 
varmistan ,I will make sure 
majesteettinne ,your majesty 
jollekulle ,to someone 
voitamme ,we will win 
Sebastian ,Sebastian 
sittenhän ,well then 
junior ,junior 
ali ,under 
saari ,island 
aseman ,position 
treffeille ,for a date 
vuosiin ,for years 
monen ,multi 
välein ,every 
myöten ,down to 
pakene ,run away 
hallitsee ,dominates 
minkään ,nothing 
ehtiä ,reach 
onnelliseksi ,to be happy 
kylään ,to the village 
annatte ,you give 
taisteluun ,to battle 
Casey ,Casey 
ihmisiin ,to people 
yksikin ,even one 
löydätte ,you will find 
valetta ,lie 
kuolemaansa ,to his death 
Duke ,Duke 
numeroa ,number 
keisari ,emperor 
Stephen ,Stephen 
hmm ,hmm 
mustasukkainen ,jealous 
Buffy ,Buffy 
löytyykö ,can be found 
pomoni ,my boss 
sekoittaa ,confuse 
moottori ,engine 
purkaa ,land 
kutsukaa ,invite 
säälittävä ,pathetic 
Ford ,Ford 
omistan ,I own 
itsekään ,myself too 
kateellinen ,envious 
muutoksia ,changes 
suunta ,direction 
palasin ,i came back 
Jessica ,Jessica 
kuolleiden ,of the dead 
pystyä ,can 
maista ,taste 
kokki ,cook 
tuohan ,that 
luoksemme ,to us 
tulevaisuudessa ,in the future 
katse ,look 
ajamaan ,to drive 
tylsä ,boring 
hevoset ,horseflesh 
tarjoilija ,Waiter 
erinomainen ,excellent 
poliisien ,the police officers 
henkilöä ,person 
asunut ,lived in 
toimivan ,to work 
pyörii ,spins 
pahat ,the bad ones 
esitä ,present 
ensimmäisellä ,on the first one 
vakuutan ,I assure you 
istuin ,seat 
kertoivat ,told 
hädin ,barely 
Rob ,Rob 
rentoutua ,relax 
käytöstä ,of use 
seisomaan ,to stand up 
samana ,the same 
manny ,Manny 
lapsista ,about children 
edustaa ,represent 
Davis ,Davis 
robotti ,robot 
kakkua ,cake 
huomiseen ,until tomorrow 
näitte ,you saw 
vastaavaa ,equivalent 
virta ,power 
mahtavia ,awesome 
huonot ,the bad ones 
loppujen ,the rest 
kuvaan ,to the picture 
laula ,Sing 
hakee ,is applying 
planeetalla ,on the planet 
tapauksen ,the case 
leikkimään ,to play 